CTAGAGTTCCACGACTTGACAGACATG,
CTAGAGTTCCACGACCTGCACGCATGAAA,13695
CTAGAGTTCCACGACTTGCACGCATGAAA,4313
CTAGAGTTCCACGACTTGACGCATGAAAA,2990
CTAGAGTTCCACGACTTGCAGCATGAAAA,1991
CTAGAGTTCCACGACTTGACATGAAAATG,371
CTAGAGTTCCACGACTTGACAGAAAATGA,355
CTAGAGTTCCACGCATGAAAATGAGATCG,227
CTAGAGTTCCACGACTTGAAAATGAGATC,167
CTAGAGTTCCACGACTTGACAGAAGGGGA,111
CTAGAGTTCCACGACTTGACGATGAAAAT,43
CTAGAGTTCCACGACCTGCAGCATGAAAA,42
CTAGAGTTCCACGACTTGACCATGAAAAT,42
CTAGAGTTCACGACTTGACAGAAGGGAAG,39
CTAGAGTTCCACGACTTGACAGAAATGAG,34
CTAGAGTTCCACGACTTTACAGAAGGGAA,32
CTAGAGTTCCACGATTGACAGAAGGGAAG,31
CTAGAGTTCCACGACTTGACACATGAAAA,30
CTAGAGTTCCACGACTTGACAGAAAGGAA,25
CTAGAGTTCCACGACATGAAAATGAGATC,24
CTAGAGTTCCACGACTTAACAGAAGGGAA,21
CTAGAGTTCCACGACTTGACAGAAAGGGA,21
CTAGAGTTCCACGACTGCACGCATGAAAA,20
CTAGAGTTCCACAACTTGACAGAAGGGAA,19
CTAGAGTTCCCGACTTGACAGAAGGGAAG,18
CTAGAGTTCCACGACTTGAAAGAAGGGAA,17
CTAGAGTTCCACGACTTGCCACGCATGAA,16
CTAGAGTTCCACCTGCACGCATGAAAATG,15
CTAGAGTTCCACGACCTGCCCGCATGAAA,15
CTAGAGTTCCACGACTTGACCTGCACGCA,15
CTAGAGTTCTACGACTTGACAGAAGGGAA,15
CTAGAGTTCCACGACATGCACGCATGAAA,14
CTAGAGTTCCACGACTTGACATAAGGGAA,14
CTAGAGTTCCACGACTTGACGAGAAAATG,14
CTAGAGTTCCACGATTTGACAGAAGGGAA,13
CTAGAGTTCCACACTTGACAGAAGGGAAG,13
CTAGAGTTCCACGACTCGACAGAAGGGAA,13
CTAGAGTTCACGACTTGACAGACATGACG,13
CTAGAGTTCCGCGACTTGACAGAAGGGAA,12
CTAGAGTTCCACGACTTGACAGAAATGAC,12
CTAGAGTTCCACGCTTGACAGAAGGGAAG,11
CTAGAGTTCCACGACTTGACGGAAGGGAA,11
CTAGAGTTCCACGACCTGACAGAAGGGAA,11
CTAGAGTTCCACGACTTGACGCTGAAAAT,11
CTAGAGTTCCAGACTTGACAGAAGGGAAG,11
CTAGAGTTCCACGATTGACAGACATGACG,10
CTAGAGTTCCACGACTTGACACGCATGAA,10
CTAGAGTTCCACGACTTGACCAGAAAATG,10
CTAGAGTTCCCCGACCTGCACGCATGAAA,10
CTAGAGTTCCACGAACTGCACGCATGAAA,10
CTAGAGTTCCACGACTTGANAGAAGGNNN,10
CTAGAGTTCCATGACTTGACAGAAGGGAA,9
CTAGAGTTCCACGACCTGCACGCATGAAN,9
CTAGAGTTCCACGACTTGAACGCATGAAA,9
CTAGAGTTCCACGCTTGACAGACATGACG,9
CTAGAGTTCCACGACTTGACAGGAGGGAA,8
CTAGAGTTCCACGACTTGANAGACATNNN,8
CTAGAGTTTCACGACTTGACAGAAGGGAA,8
CTAGAGTTCCACGACCTTGCACGCATGAA,8
CTAGAGTTCCACACTTGACAGACATGACG,8
CTAGAGTTCCACGACTTAACAGACATGAC,8
CTAGAGTTCCACGACTTGACGCATGAAAT,8
CTAGAGTTCCACGACTTGACATACATGAC,8
CTAGAGTTCCACGACCTGCAAGCATGAAA,8
CTAGAGTTCCACGACTTGACAGACAAGAC,8
CTAGAGTTCCACGACTTTGACAGAAGGGA,8
CTAGAGTTCCACGACTTGGCAGAAGGGAA,8
CTAGAGTTCCACGACTTGCCATGAAAATG,7
CTAGAGTTCCACGACCTGCACGCATAAAA,7
CTAGAGTTCAACGACTTGACAGACATGAC,7
CTAGAGTTCACGACCTGCACGCATGAAAA,7
CTAGAGTTCCACGACTTTACAGACATGAC,7
CTAGAGTTCCACGATGAAAATGAGATCGG,7
CTAGAGTTCCACGACCTGCACGCAGAAAA,7
CTAGAGTTCTACGACTTGACAGACATGAC,7
CTAGAGTTCCACGACTTGACAGAATGGAA,7
CTAGAGTTCCCGACCTGCACGCATGAAAA,7
CTAGAGTTCCACGACTTTACGCATGAAAA,6
CTAGAGTTCCACGAGTTGACAGAAGGGAA,6
CTAGAGTTCCACGACCTGACGCATGAAAA,6
CTAGAGTTCCACGACTTGTACGCATGAAA,6
CTAGAGTTCCACGACCTGCACGCATGGAA,6
CTAGAGTTCCACGACTTGCACGCCTGAAA,6
CTAGAGTTCCACGACCCGCACGCATGAAA,6
CTAGAGTTCCACGACTTCACAGAAGGGAA,6
CTAGAGTTCCAACGACTTGACAGAAGGGA,6
CTAGAGTTCCACGACCTGCACGCCTGAAA,6
CTAGAGTTCCATGACTTGACAGACATGAC,5
CTAGAGTTCCACGACTTGACGCCTGAAAA,5
CTAGAGTTCCACGACCTGCACGCATGAAT,5
CTAGAGTTCCACGACTTGCCAGAAGGGAA,5
CTAGAGTTCCACGACTTGACGTATGAAAA,5
CTAGAGTTGCACGACTTGACAGAAGGGAA,5
CTAGAGTTCCACGGACTTGACAGAAGGGA,5
CTAGAGTTCCACGGCTTGACAGAAGGGAA,5
CTAGAGTTCCACGCCTTGACAGAAGGGAA,5
CTAGAGTTCCACGACTTGAAAGACATGAC,5
CTAGAGTTCCACGGACTTGACAGACATGA,5
CTAGAGTTCCACTACTTGACAGAAGGGAA,5
CTAGAGTTCCACGACTCGACAGACATGAC,5
CTAGAGTTCCACGACCTGCCACGCATGAA,5
CTAGAGTTCCACGACCTGCACACATGAAA,5
CTAGAGTTCCGCGACTTGACAGACATGAC,5
CTAGAGTTCCACGACCTGCACGCACGAAA,5
CTAGAGTTCCACGACTTGACAAACATGAC,5
CTAGAGTTCCACGACTTTACAGAAAGGGA,5
CTAGAGTTCCACGACCTGCAAGCATGGAA,5
CTAGAGTTCCACGACCTGCACGAATGAAA,4
CTAGAGTTCCACGACCTGACAGACATGAC,4
CTAGAGTTCCACTACTTGACAGACATGAC,4
CTAGAGTTCCACGACTTGCAGAAAATGAG,4
CTAGAGTTACACGACTTGACAGAAGGGAA,4
CTAGAGTTCCACGACTTGACAGCAGGGAA,4
CTAGAGTTCCACGACCTGCATGCATGAAA,4
CTAGAGTTCCACTACCTGCACGCATGAAA,4
CTAGAGTTCCACGACCTTGACAGAAGGGA,4
CTAGAGTTCCCACGACTTGACAGACATGA,4
CTAGAGTTCGACGACTTGACAGAAGGGAA,4
CTAGAGTTCCACGAATTGACAGAAGGGAA,4
CTAGAGTTCCACGACTTGACTGAAAATGA,4
CTAGAGTTCCACGACTTACAGCATGAAAA,4
CTAGAGTTCCACGACTTGACTGAAGGGAA,4
CTAGAGTTCCACGACCTGCCGCATGAAAA,4
CTAGAGTTCCACGACCTGTACGCATGAAA,4
CTAGAGTTCCACGACTTGACAATGAGATC,4
CTAGAGTTCCACGACTTTACAGAAGGGGA,4
CTAGAGTTCCACGACCCGCACGCCTGAAA,4
CTAGAGTTCCAACGACTTGACAGACATGA,3
CTAGAGTTCCACGACTTGACGCAGAAAAT,3
CTAGAGTTCCACGACTTGATAGACATGAC,3
CTAGAGTTCCACGACTTGGCAGACATGAC,3
CTAGAGTTCCACGACTTGACCCACGCATG,3
CTAGAGTTCCACGACTTGAAGCATGAAAA,3
CTAGAGTTCCACGACTGCAGCATGAAAAT,3
CTAGAGTTCCACGACTTGACAGAAGGGCA,3
CTAGAGTTCCACGACCTGCGCGCATGAAA,3
CTAGAGTTCCCGACTTGACAGACATGACG,3
CTAGAGTTCCACGACTTTACAGAAAGGAA,3
CTAGAGTTCCACGACTTGACAGAGGGGAA,3
CTAGAGTTCCACGACCCACGCATGAAAAT,3
CTAGAGTTCCACGACTTGATAGAAGGGAA,3
CTAGAGTTCCACGTCTTGACAGACATGAC,3
CTAGAGTTCCACGTTGACAGAAGGGAAGA,3
CTAGAGTTCCACGACTTGACAGAATGAGA,3
CTAGAGTTCCACGACTTGACAAAATGAGA,3
CTAGAGTTCCACGACTTGACCGAAGGGAA,3
CTAGAGTTCCACGACTTACACGCATGAAA,3
CTAGAGTTCCACGACTTGACAGACGGGAA,3
CTAGAGTTCCACGACTTGACGCATGAAAN,3
CTAGAGTTCCACGACTGACAGACATGACG,3
CTAGAGTTCCACGACTTTACAAAAAGGGA,3
CTAGAGTTCCACGCCATGAAAATGAGATC,3
CTAGAGTTCCACGACTTGACAGAACGGAA,3
CTAGAGTTCCACGATTTGACAGACATGAC,3
CTAGAGTTCCACGACTTTCACGCATGAAA,3
CTAGAGTTCCACGACTGACATGAAAATGA,3
CTAGAGTTACACGACTTGCACGCATGAAA,3
CTAGAGTTCCACGACTTGCCCGCATGAAA,3
CTAGAGTTCCACGACTTGACAGAAGGCAA,3
CTAGAGTTCCACAACTTGACAGACATGAC,3
CTAGAGTTCCACGGCTTGACAGACATGAC,3
CTAGAGTTCCAGACTTGACAGACATGACG,3
CTAGAGTTCCACGACTTGCAGCATGAAAT,3
CTAGAGTTCCACGACTTGACAAAAGGGAA,3
CTAGAGTTCCACGACTTGTCAGAAGGGAA,3
CTAGAGTTCCACGACTTGACAGAAGAGAA,3
CTAGAGTTCCCCGACTTGACGCATGAAAA,3
CTAGAGTTCCCCGACTTGACAGAAGGGAA,3
CTAGAGTTCCACGACTTGANAGAAGNNNN,3
CTAGAGTTCCACGAACTTGACAGACATGA,3
CTAGAGTTCCACCACCTGCACGCATGAAA,3
CTAGAGTTCCACGACTTGACAGATGGGAA,3
CTAGAGTTCCACGACTTGCCGCATGAAAA,3
CTAGAGTTCCACGACTTCACAGACATGAC,3
CTAGAGTTCCACGACTTTACAGACAAGAC,3
CTAGAGTTCCACGACCTGCACGCGTGAAA,3
CTAGAGTTCCACGACTTGACAGAAGGTAA,3
CTAGAGTTCCACGCCCTGCACGCATGAAA,2
CTAGAGTTCCACGACCTGCCAGCATGGAA,2
CTAGAGTTCCACGACTTGTCAGACATGAC,2
CTAGAGTTCCACGACTTGACGCAAGAAAA,2
CTAGAGTTCCACGATCTGCACGCATGAAA,2
CTAGAGTTCCACGACCTGCACGCATTGAA,2
CTAGAGTTCCACGCATGAAATGAGATCGG,2
CTAGAGTTCCAAGACTTGACAGACATGAC,2
CTAGAGTTCCACGACCTGACACATGAAAA,2
CTAGAGTTCCACGACTGACAGAAAATGAG,2
CTAGAGTTCCACGACTTGACAAAAATGAG,2
CTAGAGTTCCACGACCTGCACGCCTGGAA,2
CTAGAGTTCCACGACCTGACCGCATGAAA,2
CTAGAGTTCGACGACTTGACAGACATGAC,2
CTAGAGTTCCCACGACTTGACAGAAGGGA,2
CTAGAGTTCCACGACTTGCACCCATGAAA,2
CTAGAGTTCCACGGCTTGACAGAAGGGGA,2
CTAGAGTTCCACGACCTGCCCGCAGGGAA,2
CTAGAGTTCCACGACCTGCACCGCATGAA,2
CTAGAGTTCCACGACTTGACGCATGAGAA,2
CTAGAGTTCCACGACCTGCCAGCAGGGAA,2
CTAGAGTTCCACGACTTGACGGACATGAC,2
CTAGAGTTCCACGACTTGCAGAGAAAATG,2
CTAGAGTTCCACGACTTGACACAAGGGAA,2
CTAGAGTTCCACGACTTGACAGACATAAC,2
CTAGAGTTCCACGACTTGATGCATGAAAA,2
CTAGAGTTCCACGACTTGACAGACCTGAC,2
CTAGAGTTCCACGACCTACACGCATGAAA,2
CTAGAGTTCCACGACCTGCNCGCATNNNN,2
CTAGAGTTCCGACTTGACAGAAGGGAAGA,2
CTAGAGTTCCACGACCTGCNCGCATGNNN,2
CTAGAGTTCCACGACTTGACAGACACGAC,2
CTAGAGTTCCAACGACCTGCACGCATGAA,2
CTAGAGTTTCCACGACTTGACAGACATGA,2
CTAGAGTTCCACGGACTTGCACGCATGAA,2
CTAGAGTTCCACGACTTTGACAGACATGA,2
CTAGAGTTCCGCGACCTGCACGCATGAAA,2
CTAGAGTTCCATGACCTGCACGCATGAAA,2
CTAGAGTTCCACGACTTGACAGAAGTGAA,2
CTAGAGTTCCACGACTTGCAGATGAAAAT,2
CTAGAGTTCCACGACCTGCACGCTGAAAA,2
CTAGAGTTCCACGACTTGAGAGAAGGGAA,2
CTAGAGTTCCACGACCTCACGCATGAAAA,2
CTAGAGTTCCACCGACCTGCACGCATGAA,2
CTAGAGTTCAACGACCTGCACGCATGAAA,2
CTAGAGTTCACGACTTGCACGCATGAAAA,2
CTAGAGTTCCACGCCTTGACAGACATGAC,2
CTAGAGTTCCACGAACTTGACAGAAGGGA,2
CTAGAGTTCCACGACTTGACATAAAATGA,2
CTAGAGTTCCACGACTTTGCAGAAAGGGA,2
CTAGAGTTCCACGACTTTGCAAAAAGGGA,2
CTAGAGTTCCACGACTTGCACGCATGGAA,2
CTAGAGTTCGACTTGACAGAAGGGAAGAA,2
CTAGAGTTCCACGACCCGCCCGCATGAAA,2
CTAGAGTTCCACGACTTGACAGACAAGAA,2
CTAGAGTTCCACGACTTGACAAAAAGGGA,2
CTAGAGTTCCACGACTTGGCATGAAAATG,2
CTAGAGTTCCCCCACCCGCCCGCCTGAAA,2
CTAGAGTTCCACGACCTTACAGACAAGAA,2
CTAGAGTTCCCCGACCCGCACGCCTGAAA,2
CTAGAGTTCCCCGACTTGCACGCATGAAA,2
CTAGAGTTCCACCTTGACAGAAGGGAAGA,2
CTAGAGTTCCACGACTTGCACGATGAAAA,2
CTAGAGTTCCACGACCTGCACGCCATGAA,2
CTAGAGTTTCCACGACTTGACAGAAGGGA,2
CTAGAGTTCCACGAATTGCACGCATGAAA,2
CTAGAGTTCCACCACCCGCACGCATGAAA,2
CTAGAGTTCCACGAATTGACAGACATGAC,2
CTAGAGTTCCACGACTTGACAGACAATAA,2
CTAGAGTTCCATGACTTGACGCATGAAAA,2
CTAGAGTTCCACGACTTGACAGAAAAAAA,2
CTAGAGTTCACCTGCACGCATGAAAATGA,2
CTAGAGTTCGACGACCTGCACGCATGAAA,2
CTAGAGTTCCACGACTTGCATGCATGAAA,2
CTAGAGTTCCACGACTTGCAGCAGAAAAT,2
CTAGAGTTCCACGACCTGAACGCATGAAA,2
CTAGAGTTCCACGACCTGCACGCATGAAG,2
CTAGAGTTCCACGACTTGCAAGCATGAAA,2
CTAGAGTTCCACGCTTGAAAATGAGATCG,2
CTAGAGTTCCACGACCTGACCGCATGAAN,1
CTAGAGTTCCACGACTTGCACGCAGAAAA,1
CTAGAGTTCCACGACTTGCNCGCATNNNN,1
CTAGAGTTCCACGACTTGACAGACAGGAC,1
CTAGAGTTTCACCACCTTACAGAAAAAAA,1
CTAGAGTTGCACCACTCCCCAGAAAGGAA,1
CTAGAGTTCCACGCCTTGCACGCATGAAA,1
CTAGAGTTCCACGACATGCAGCATGAAAA,1
CTAGAGTTCCACGACTTGACAGAAGGAAA,1
CTAGAGTTCCACTACTTGCACGCATGAAA,1
CTAGAGTTCACGACTTGACGAGAAATGAG,1
CTAGAGTTCCACGACTTGACTGCACGCAT,1
CTAGAGTTCCACGACCTGGCACGCATGAA,1
CTAGAGTTCCAACTTGACAGACATGACGC,1
CTAGAGTTCCACGACAGCCAGACAATATA,1
CTAGAGTTCCACGACTTGANGCATGNNNN,1
CTAGAGTTCCCGACTTGACAATGAGATCG,1
CTAGAGTTCCGACTTGCACGCATGAAAAT,1
CTAGAGTTCCACGACTTGCCAGCCATGAA,1
CTAGAGTTCCACGACCTGCCCCCCACTAA,1
CTAGAGTTCCACGACTTGACGCATGGAAA,1
CTAGAGTTCCACGACTTGCCCATGAAAAT,1
CTAGAGTTCCACGAGCTGCACGCATGAAA,1
CTAGAGTTCCACGACCTGCCAGAATGGAA,1
CTAGAGTTCCGCGACTTGCACGCATGAAA,1
CTAGAGTTCCACGACTTGACCAGAAAATT,1
CTAGAGTTCCACGCCTTGCCAGAAGGGAA,1
CTAGAGTTCCACGACCTTGAAAATGAGAT,1
CTAGAGTTCCACGCATGAAATAGATCGGA,1
CTAGAGTTCCACCACTTGACAGACATGAC,1
CTAGAGTTCCACGACTTGAGGCATGAAAA,1
CTAGAGTTCACCAATTTAACGACAAAAAC,1
CTAGAGTTCCACGACTTGACAGAAAAAGA,1
CTAGAGTTCACGCATGAAAATGAGATCGG,1
CTAGAGTTCCACGACCTGCAGGCATGAAA,1
CTAGAGTTCCACGAATTGCAGCATGAAAA,1
CTAGAGTTCCACGACTTGACAGACAAAAA,1
CTAGAGTTCCACGACGTGACAGACATGAC,1
CTAGAGTTCCACGACTTTACGCATTGAAA,1
CTAGAGTTCCACGACCTGCACGCATTAAA,1
CTAGAGTTCCACGACCTGCCAGCATGAAA,1
CTAGAGTTCCACGCATTGACATGAGATCG,1
CTAGAGTTCCCCGACCTGACAGAAAGGAA,1
CTAGAGTTCCACGACTTGCAGCATGAAAN,1
CTAGAGTTTCACGCCTTGACAGAAAGGAA,1
CTAGAGTTCCACGACCCCCACGCACGAAA,1
CTAGAGTTCCACGCATGAAAGTGAGATCG,1
CTAGAGTTCCACGACTTCACGCATGAAAA,1
CTAGAGTTCCACGACTTGCCATAAAATGA,1
CTAGAGTTCCACGACTTGANAGAAGGGAN,1
CTAGAGTTAGTTCCACGACTTGACAGAAG,1
CTAGAGTTCCACGACCTGAGCATGAAAAT,1
CTAGAGTTCCACGACTTGACAGATATGAC,1
CTAGAGTTCCACGACTTGACGATGAAATG,1
CTAGAGTTTCACGACCTGCACGCATGAAA,1
CTAGAGTTCCACGACTTGACGGATGGAAA,1
CTAGAGTTCCAAGACTTGACAGAAAATGA,1
CTAGAGTTCCCCGACTTTTCAGAAAGGGA,1
CTAGAGTTACTTGACAGACATGACGCTGG,1
CTAGAGTTCCACGACTTGACAATGAAAAT,1
CTAGAGTTCCAAGACTTGACGCATGCGAA,1
CTAGAGTTCCACGACTTGCACACATGAAA,1
CTAGAGTTTCACGACCTGACAGAAGAGAA,1
CTAGAGTTCCACGACCTGCAACGCATGAA,1
CTAGAGTTCCACGACCTGCCAGCCTGAAA,1
CTAGAGTTCCACGACTTGCACGCATGAGA,1
CTAGAGTTCCACGACTTGACAGACAGGAA,1
CTAGAGTTCCACGACTTGACAGATGAGAT,1
CTAGAGTTCCACGACTTGCNACATGANNN,1
CTAGAGTTCCACGACTTGCNCGCATGNNN,1
CTAGAGTTTCACGACTTGCACGCATGAAA,1
CTAGAGTTCCACGACTTGCAAGAAGGGAG,1
CTAGAGTTCCACGACTTGACGGACGTGAC,1
CTAGAGTTCCACGAACCGCACGCCTGAAA,1
CTAGAGTTCCACGACTCGCACGCATGAAA,1
CTAGAGTTCCAACGACCTGCACCGCATGA,1
CTAGAGTTCTACGACTTGACCATGAAAAT,1
CTAGAGTTCCACGACTTGCAGCAGAAATG,1
CTAGAGTTCCACGACTTGCAGCATTGAAA,1
CTAGAGTTCACGACTTGACGCATGAAAAT,1
CTAGAGTTCCACGCTTGGCGCATGAAAAT,1
CTAGAGTTCCACGCCTTGACAGAAAGGAA,1
CTAGAGTTCCACGCTGAAAATGAGATCGG,1
CTAGAGTTCCACGACTTGACACGAAAATG,1
CTAGAGTTCCACGACTTTACAAAAAGGAA,1
CTAGAGTTCCACGAATTGAAAGAAGGGAA,1
CTAGAGTTCCACGACTTGCAGAAGGGGAA,1
CTAGAGTTCACCACTTTGCCGCCTGGAAA,1
CTAGAGTTCCACGCATGAAAATGAGATCA,1
CTAGAGTTGCACGACCTGCACGCATGAAA,1
CTAGAGTTCCACGACTTGACAGCAATGAC,1
CTAGAGTTCCACGACTTGCACATGAAAAT,1
CTAGAGTTCCCCGACTTGCAAGAAGGGAA,1
CTAGAGTTCCACGTCTTGACAGAAGGGAA,1
CTAGAGTTACACGACTTGACAGACATGAC,1
CTAGAGTTCCACTTGACAGAAGGGAAGAA,1
CTAGAGTTCCACGACTTGCAGCTGAAATG,1
CTAGAGTTCCCCGCCTTCACGCATGAAAA,1
CTAGAGTTCCACGACTAGACAGACATGAC,1
CTAGAGTTCCAAGACCTGCACGCATGAAA,1
CTAGAGTTCCACGACTGCAGCATGAAATG,1
CTAGAGTTGCACGACTTGACAGACATGAC,1
CTAGAGTTCCACGACCTGACCTGCACGCA,1
CTAGAGTTCCACGACTGGCAAGAAGGGAA,1
CTAGAGTTCCACGACTTACAGCATGAGAA,1
CTAGAGTTCCACGACCTGCAAGCAATAAA,1
CTAGAGTTCCACGACCTGCAATGAGATCG,1
CTAGAGTTCCACGACTTGCACGCATGAAT,1
CTAGAGTTTCCACGACCTGCACGCATGAA,1
CTAGAGTTCCACGACCTGCAAGAAAGGAA,1
CTAGAGTTCCACGACCTGCACGATGAAAA,1
CTAGAGTTCCACAACTTGCAAGAAGGGAA,1
CTAGAGTTCCACGGCTTGACGCATGAAAA,1
CTAGAGTTCCACCAAATTTTAAAAAAAAA,1
CTAGAGTTCCACGACCCGCCCCCATGAAA,1
CTAGAGTTCCACGACTTTTCAAAAAGGGG,1
CTAGAGTTTCACGACTTTTGAGAAAAAAA,1
CTAGAGTTCCACGACTTGGCAGAAAGGGA,1
CTAGAGTTCCCCGGCCCCCCCCCCCCGAA,1
CTAGAGTTCCACGACCTGCCAGAAGGGAA,1
CTAGAGTTCCACGGCCTTTCAAAAAAAAA,1
CTAGAGTTTCACGGCTTTTTAAAAAAGGG,1
CTAGAGTTCCACGACTTGACGAGAAATGA,1
CTAGAGTTCCACAACTTGCACGCATGAAA,1
CTAGAGTTTCACGACTTTTCAAAAAAAAA,1
CTAGAGTTCCCCGACTTTTCAAAAAAAAA,1
CTAGAGTTCCACGACTTTACAGAAAAAAA,1
CTAGAGTTCCACGACCTTTCAAAAAAAAA,1
CTAGAGTTTCCCCGGCTTTTAAAAAAAAA,1
CTAGAGTTTCCCGGGTTTTTAGAAAGGGG,1
CTAGAGTTTCCCGGACTTTTAAGAAAAAA,1
CTAGAGTTTCACCACCTTTGAAAAAAAAA,1
CTAGAGTTTCCCCGGGTTTGGAAAAAGGG,1
CTAGAGTTCCACGACCCGCCCCCCCGAAA,1
CTAGAGTTCCACGACTTTTAAAACCACAA,1
CTAGAGTTCCCCCACCCCCCCCCCCCAAA,1
CTAGAGTTCCACGACTGACAGAAATGAGA,1
CTAGAGTTCCACGACCTGCACCATGAAAA,1
CTAGAGTTTCACGGAATTTTTCAAAAAGG,1
CTAGAGTTCCACGACCTTCACGCATGAAA,1
CTAGAGTTTCACGACTTTGTAGAACAAAA,1
CTAGAGTTTCACGGCTTTTGAGAAAAGGG,1
CTAGAGTTCCACGACTTGCCTGAAAATGA,1
CTAGAGTTCCACGACCTGCCATGAAAATG,1
CTAGAGTTCCACGACTTGCACGCTGAAAA,1
CTAGAGTTCCACGACCTGAACGCATGGAA,1
CTAGAGTTCCACGACTTGCAACATGAAAA,1
CTAGAGTTCACCGACTTGACAGAAGGGAA,1
CTAGAGTTCCCCGCATGAAAAAGAGATCG,1
CTAGAGTTCCACGACTTTACAGAAAAGAC,1
CTAGAGTTCCACGACTTGACAGAATATGA,1
CTAGAGTTCCACGACCTGCAGCAAAATGA,1
CTAGAGTTCCACGACTTGACCGAAAATGA,1
CTAGAGTTCCACGGCTTGACAGGAGGGGA,1
CTAGAGTTCCACGACTTGANAGACATNAN,1
CTAGAGTTCCACCACCTTACAAAAAAGAC,1
CTAGAGTTCCAGACCTGCACGCATGAAAA,1
CTAGAGTTCCACGACTTGACAGAAGGGGG,1
CTAGAGTTCCACGACTTGACGCAAAAATG,1
CTAGAGTTCCACGACTTGGCAGAAGGGGA,1
CTAGAGTTCCACGACTTGACAAGCATGAC,1
CTAGAGTTCCACGACTTGACAGACATTAC,1
CTAGAGTTCCAAGACTTGACAGAAGGGGA,1
CTAGAGTTCCAAGACTTGGCAGAAGGGGA,1
CTAGAGTTCCACGACTTGCACGCATGATA,1
CTAGAGTTCCCCGACCCGCCCGCCTGAAA,1
CTAGAGTTCCACGACTTGACAGGCATGAC,1
CTAGAGTTCCACGGATTGACAGCAGGGGA,1
CTAGAGTTCCCCCACCCGCACGCATGAAA,1
CTAGAGTTCCACGACTTTGGAGAAGGGAA,1
CTAGAGTTCCACGACTTGACAGGAGGGGA,1
CTAGAGTTTCCCGACTTGCACGCATGAAA,1
CTAGAGTTCCACGACTTGACAGCCATGAC,1
CTAGAGTTCCACGACTTGACAAAAAAGAC,1
CTAGAGTTCCACGACTTTACAGAAATAAA,1
CTAGAGTTCCACGACTTGAAATAAGGGAA,1
CTAGAGTTCCACGACTTGACAAAAGGGGA,1
CTAGAGTTCCACCACCTTACGCATGAAAA,1
CTAGAGTTCCCCCACCCGCACCCATGAAA,1
CTAGAGTTCCACGACTTTAAAGACATGAC,1
CTAGAGTTCCACGCCTTGACGCATGAAAA,1
CTAGAGTTTCACGACTTTACGCATGAAAA,1
CTAGAGTTCCACTACCTGCACGCATGGAA,1
CTAGAGTTCCACGACTTGACGCTGAAATG,1
CTAGAGTTTCCCCACCCGCACGCCTGAAA,1
CTAGAGTTCCCCCACCCGCCCGCACGAAA,1
CTAGAGTTCCAGGACCTGCCCCCATGAAA,1
CTAGAGTTCCACGACTTGACAGTCATGAC,1
CTAGAGTTCCACCACTTTACGCATGAAAA,1
CTAGAGTTCCACGACATGCACGCATGAGA,1
CTAGAGTTCCACGGACTTGACATGAAAAT,1
CTAGAGTTCCACGGACCTGCACGCATGAA,1
CTAGAGTTCCACGACCTGAACCCTTGAAA,1
CTAGAGTTCCACGACTGACAGAAGGGAAG,1
CTAGAGTTCCACCACCCGCACGCCTGAAA,1
CTAGAGTTCCACGACCTGCAGCATGGAAA,1
CTAGAGTTCCACCACTTGCACGCATGAAA,1
CTAGAGTTCCACGACTTGACGTGAAAATG,1
CTAGAGTTCCACGACTTGCACGCATGAAN,1
CTAGAGTTCCACACCTTGCACGCATGGAC,1
CTAGAGTTCCACCACCCGCCCGCATGAAA,1
CTAGAGTTCCACGACTTGACATGAGATCG,1
CTAGAGTTCCACCACCCGCCCGCCTGAAA,1
CTAGAGTTCCACGACTTGACCCATGAAAA,1
CTAGAGTTCCACGACTTGACAGACATTAA,1
CTAGAGTTCCCCCACCCGCCCCCCTGAAA,1
CTAGAGTTCCACGACCCGCCCGCACGAAA,1
CTAGAGTTCCACGACCTGCCCGCCCGAAA,1
CTAGAGTTCCACGACTTTCNCGCATGNNN,1
CTAGAGTTCCCCGACTTGCACGCCTGAAA,1
CTAGAGTTTCCCCACCCCCCCGCCTGAAA,1
CTAGAGTTCCACCACCCGCCCCCACGAAA,1
CTAGAGTTCCACCACCCCCCCGCCTGAAA,1
CTAGAGTTCCACGACTTGCCAGCCTTGAA,1
CTAGAGTTCCACGACTTTACAGACATTAC,1
CTAGAGTTCCCCGACCCGCACGCATGAAA,1
CTAGAGTTCCACGACTTTACAGACAAAAC,1
CTAGAGTTCCACCACCCGCACGCACGAAA,1
CTAGAGTTCCCCCACTTGCACGCCCGAAA,1
CTAGAGTTCCCCGACCCCCACCCCTGAAA,1
CTAGAGTTCCACGACTGGACAGAAGGGAA,1
CTAGAGTTCCACGACTTGACAGTAAAACG,1
CTAGAGTTCCACGACCTGCACCCCTGAAA,1
CTAGAGTTACACGACTTGACAGAAGGGGA,1
CTAGAGTTCCCCGACTTGACAGACATGAC,1
CTAGAGTTCCACGACCTGACAAAAAAGAC,1
CTAGAGTTCCACGACCTGCACGCTTGAAA,1
CTAGAGTTCCACGACTTGACAGCACGCAT,1
CTAGAGTTCCACGACATGAAAATGAGATG,1
CTAGAGTTCCACGGATTGACAGAAGGGAA,1
CTAGAGTTCCACGACTTGCCAGACATGAA,1
CTAGAGTTCCACGACTTTCAGCATGAAAA,1
CTAGAGTTCCCCGACCCGCCCGCATGAAA,1
CTAGAGTTCCGCGACTTGAAAATGAGATC,1
CTAGAGTTCCACTTGACAGACATGACGCT,1
CTAGAGTTCCACGACTTTAAAAAGAGATC,1
CTAGAGTTACGACCTGCACGCATGAAAAT,1
CTAGAGTTCCACCACCTCCACGCATGAAA,1
CTAGAGTTTCCACGACTTGCAGCATGAAA,1
CTAGAGTTCCACGACTTGACACGGACATG,1
CTAGAGTTCCACGACTTGCACGCATTAAA,1
CTAGAGTTTCACGACTTGGCAGAAAGGGA,1
CTAGAGTTCCACGACTTGACAAAAAGGAA,1
CTAGAGTTCCACGACTTGAAAGAAAGGAA,1
CTAGAGTTCCACGACCTGGCCGAAGATGA,1
CTAGAGTTCCTCGACCTGCACGCATGAAA,1
CTAGAGTTCAACGACTTGACAGAAGGGAA,1
CTAGAGTTCCCCGCCCTTATAGAAAGGAA,1
CTAGAGTTCCACGACCTGACAGAAAGGAA,1
CTAGAGTTCCACGACCTGCACGCATGAGA,1
CTAGAGTTCCCCGACTTGAAAGAAATGAC,1
CTAGAGTTCCACGACCCCCCCCCCCGAAA,1
CTAGAGTTCCACGCATGAAAAAAAGATCG,1
CTAGAGTTCCTTGACAGAAGGGAAGAACC,1
CTAGAGTTCCACGACTTGACGCACGAAAA,1
CTAGAGTTCGACTTGACAGACATGACGCT,1
CTAGAGTTCCACGACCTTGAAGAAAAGAA,1
CTAGAGTTCCACCACCCGCACCCACGAAA,1
CTAGAGTTCCACGACCTGACAGAAAGGGA,1
CTAGAGTTCCACGACTTTACAGAAAAGAA,1
CTAGAGTTCCCCGACTTTGACGAAAGGGA,1
CTAGAGTTCCACGACTTGCAAGCATGTAA,1
CTAGAGTTCCCCCACTTGCAGCATGAAAA,1
CTAGAGTTCCACGACTTTGCAGAAGGGGA,1
CTAGAGTTCCCCCACCTGCACGCCTGAAA,1
CTAGAGTTCCACGACTTGACTCATGAAAA,1
CTAGAGTTCCACGACCACGCATGAAAATG,1
CTAGAGTTCCACGAATTGACGCATGAAAA,1
CTAGAGTTCTACGACTTGCACGCATGAAA,1
CTAGAGTTCCACGACTTGCCCCCATGAAA,1
CTAGAGTTCCACGACATGACAGAAGGGAA,1
CTAGAGTTCCACCGACTTGACAGACATGA,1
CTAGAGTTCCACGACTTGCAGAATGAAAA,1
CTAGAGTTCCACGACTTGAAGCATGAGAA,1
CTAGAGTTCCCTTGACAGAAGGGAAGAAC,1
CTAGAGTTCCACGACCTGCACGCATGACA,1
CTAGAGTTCCAAGACTTGACAGAAGGGAA,1
CTAGAGTTCCACGACTTGAAAGAAATGAC,1
CTAGAGTTCCACGACTTGACCTGAAAATG,1
CTAGAGTTCCACGACTTGATGAAAATGAG,1
CTAGAGTTCAACGACTTGAAAGACATGAC,1
CTAGAGTTCACCGACCTGACAGAAGGGAA,1
CTAGAGTTCCACGACTTGACATGAAATGA,1
CTAGAGTTCCACGCCCCGCACGCATGAAA,1
CTAGAGTTCCACCACTTGACAGAAGGGAA,1
CTAGAGTTCCACGACTTGACAGACTTGAC,1
CTAGAGTTCCCGACTTGCACGCATGAAAA,1
CTAGAGTTCCACGACTTGACACTCTCCTT,1
CTAGAGTTCTACGACCTGCACGCATGAAA,1
CTAGAGTTCCACGACTTGACGCATGATAA,1
CTAGAGTTCCACGACTTGACACACATGAC,1
CTAGAGTTACGACTTGACAGACATGACGC,1
CTAGAGTTCCACGACCTGCCCGCATGGAA,1
CTAGAGTTCCACGACTTGAGAGACATGAC,1
CTAGAGTTCCGCGACTTGACGCATGAAAA,1
CTAGAGTTCCACGACTTGCACGCCATGAA,1
CTAGAGTTCCACGACTTGAAGCATGGAAA,1
CTAGAGTTCTACGACTTGACAGAAAGGGA,1
CTAGAGTTCCACGCCTTGAAGACCATAAC,1
CTAGAGTTCCACGACTTAACAGACGGGAA,1
CTAGAGTTCCCACGACCTGCAAGCATGAA,1
CTAGAGTTCCACGACTTGACGCCATGAAA,1
CTAGAGTTCCACGACCTTCACTCATGAAA,1
CTAGAGTTCCACGCAAGAAAATGAGATCG,1
CTAGAGTTCCACGACTTGACACAAGGAAA,1
CTAGAGTTCCACGACCTGCACGCAAAAAT,1
CTAGAGTTCCACGACTTGACAGACGTGAC,1
CTAGAGTTCCCACGACTTGCAGCATGAAA,1
CTAGAGTTCCACGACTTGAGCATGAAAAT,1
CTAGAGTTCCACGACCTGCACGCATGTAA,1
CTAGAGTTCCACGACTTGACACATGACGC,1
CTAGAGTTCCACGACCATGAAAATGAGAT,1
CTAGAGTTCCACGACCTGCACGCATGACG,1
CTAGAGTTCCACGACCTCCGCACGGGAAA,1
CTAGAGTTCCACGACTTGACCAGAAATGA,1
CTAGAGTTCCACGACTTGCCACATGGAAA,1
CTAGAGTTCCACGACCGGCTGCACAGTGA,1
CTAGAGTTCCACGACCTGCAAGCATAAAA,1
CTAGAGTTCCACTACTTGCAGCATGAAAA,1
CTAGAGTTCCACGCATGAAAATGAGATTG,1
CTAGAGTTCCACGACTTGACAACGACTTG,1
CTAGAGTTCAGACTTGACAGAAGGGAAGA,1
CTAGAGTTCCACGACTTGACGATAAAATG,1
CTAGAGTTCCACGACTTGCCAGAATGGAA,1
CTAGAGTTCCACAACTTGACGCATGAAAA,1
CTAGAGTTCCACGACTTGCACGCAGGGAA,1
CTAGAGTTCCACGACCTGCACGCAGGGAA,1
CTAGAGTTCCACGACTTGAGAGAACGATG,1
CTAGAGTTCCACCTTGACAGACATGACGC,1
CTAGAGTTCCACGACTTGCAGCCATGAAA,1
