AGAGTTCCACGACTTGACAGAAGGGAAG,428392
AGAGTTCCACGACTTGANNNNNNNNNNN,29
AGAGTTCCACGACTTGACAGACATGACG,346799
AGAGTTCCACGACTTGACAGAAATGACG,224
AGAGTTCACGACTTGACAGACATGACGC,778
AGAGTTCACGACNTGNNNNNNNNNNNNN,1
AGAGTTCCCGACTTGACAGAAGGGAAGA,503
AGAGTTCCCGACTTGACAGACATGACGC,431
AGAGTTCCACTACTTGACAGAAGGGAAG,138
AGAGTTCCACGACTGACAGACATGACGC,308
AGAGTTCCACGACTTGACANNNNNNNNN,146
AGAGTTCCACGACTTGACAGATCGGAAG,1056
AGAGTTCCACGACTTGACAGAATGGAAG,255
AGAGTTCCACGACTGACCTAGATCGGAA,651
AGAGTTCCGCGACTTGACAGACATGACG,61
AGAGTTCCACGATTGACAGACATGACGC,223
AGAGTTCCACGACTTGACAGAAGTGAAG,154
AGAGTTCCACGANNNNNNNNNNNNNNNN,128
AGAGTTCCACGACTTGACCTAGATCGGA,4272
AGAGTTCACGACTTGACAGAAGGGAAGA,904
AGAGTTCCAACGACTTGACAGACATGAC,22
AGAGTTCCACGACTTCACAGAAGGGAAG,25
AGAGTTCCACGACTTGACATACATGACG,233
AGAGTTCCAGACTTGACAGAAGGGAAGA,365
AGAGTTCCAGACTTGACAGACATGACGC,304
AGAGTTCCACGACTTGACAGATATGACG,26
AGAGTTCNNNNNNNNNNNNNNNNNNNNN,209
AGAGTTCACGGGCCTGACCTAGATCGGA,1
AGAGTTCCACGGCTTGACAGAAGGGAAG,29
AGAGTTCCACGCTTGACAGAAGGGAAGA,188
AGAGTTCCACAACTTGACAGACATGACG,118
AGAGTTCCACGACTTGACAGATGCTGAT,1
AGAGTTCCACGACTTAACAGACATGACG,205
AGAGTTCCACGANTTGANNNNNNNNNNN,128
AGAGTTCCACGACTTGACAGACATGAAG,172
AGAGTTCCACGACTTGACAGAAGGGAAN,205
AGAGTTCCACGACTTGACNNNNNNNNNN,265
AGAGTTCCACGACTTTCGGGCCTGACCT,33
AGAGTTCCACGACTTGACAGACATGACT,26
AGAGTTCCACGACTTAACAGAAGGGAAG,277
AGAGTTCCACNNNNNNNNNNNNNNNNNN,133
AGAGTTCACGACTTGACAAACATGACGC,1
AGAGTTCCACTACTTGACAGACATGACG,78
AGAGTTCCACACTTGACAGAAGGGAAGA,232
AGAGTTCCACGACTTGACAGAAGGGGAG,103
AGAGTTCCACGACCTAGATCGGAAGAGC,13
AGAGTTCCACGACTTGACAGAAGGGAAA,141
AGAGTTCCAAGACTTGACAGAAGGGAAG,69
AGAGTTACACGACTTGACAGAAGGGAAG,79
AGAGTTCCACGACTTGAAAGCAAGGACG,1
AGAGTTCCACGACTTGACAGAAGGGAGG,33
AGAGTTCCACGANTTNNNNNNNNNNNNN,88
AGAGTTTCACGACTTGACAGACATGACG,20
AGAGTTCCACGACTTGACCTAGATCGGG,13
AGAGTTCCACGACTTGACAGACATGTCG,6
AGAGTTCCACGACTTGACCAGATCGGAA,58
AGAGTTCCACGACTTGGCAGAAGGGAAG,77
AGAGTTCCACGACCTTGATCGGAAGAGC,35
AGAGTTCCACGACCTTGACAGAAGGGAA,13
AGAGTTCCACGACTTGACAGACATGCCG,29
AGAGTTNNNNNNNNNNNNNNNNNNNNNN,133
AGAGTTCCACGACTTGACAGAAAGGAAG,68
AGAGTTCCACCACTTGACAGACATGACG,15
AGAGTTCCACACTTGACAGACATGACGC,204
AGAGTTCTACGACTTGACAGACATGACG,39
AGAGTTCCACGACTGACATACATGACGC,1
AGAGTTCCACGACTTGACGGAAGGGAAG,71
AGAGTTCCACGACTTGACACACATGACG,19
AGAGTTCCACGACTTGACATAAGGGAAG,225
AGAGTTCCACGANTTGNNNNNNNNNNNN,25
AGAGTTCAACGACTTGACAGAAGGGAAG,160
AGAGTTCCACGGGCCTGACCTAGATCGG,203
AGAGTTCCACGACTCGACAGAAATGACG,1
AGAGTTCCACGAATTGACAGACATGACG,39
AGAGTTCCACGAGTTGACAGAAGGGAAG,27
AGAGTTCCACGCTTGACAGACATGACGC,149
AGAGTTCCACGACTTTGACAGACATGAC,28
AGAGTTCCACGACTGACAGAAGGGAAGA,269
AGAGTTCAACGACTTGACAGACATGACG,105
AGAGTTCCACGATTGACAGAAGGGAAGA,155
AGAGTTCCACGACACTTGACAGACATGA,1
AGAGTTCCAGGACTTGACAGAAGGGAAG,16
AGAGTTCCACGACTTGACAGAAGGGATG,16
AGAGTTCCACCACTTGACAGAANGGNNN,1
AGAGTTCCGCCTGACCTAGATCGGAAGA,1
AGAGTTCCACGACTTGACANANNNNNNN,36
AGAGTTCCACGACTTGACAGAGGGGAAG,29
AGAGTTCCACGACTTGACAAAAGGGAAG,43
AGAGTTCCGCGACTTGACAGAAGGGAAG,57
AGAGTTCTACGACTTGACAGAAGGGAAG,36
AGAGTTCCACGACTTGACAGACACGACG,27
AGAGTTCCACGACTTGACAGATGGGAAG,20
AGAGTTCCACGACTTGAGAGAAGGGAAG,28
AGAGTTCCACGACTTGACAGGAGGGAAG,60
AGAGTTCCACGACTTACAGACATGACGC,20
AGAGTTCCACGACTTGACAGACATGACC,19
AGAGTTCCACGACTTGGACAGAAGGGAA,17
AGAGTTCCACGCCTGACCTAGATCGGAA,128
AGAGTTACACGACTTGACAGACATGACG,105
AGAGTTCCACGACTCGATAGAAGGGAAG,1
AGAGTTCCNCNNNNNNNNNNNNNNNNNN,62
AGAGTTCCACGACTTGATAGACATGACG,77
AGAGTTCCACGACTTGATAGAAGGGAAG,59
AGAGTTCCCCGACTTGACAGAAGGGAAG,38
AGAGTTCCACGACTTGACTGAAGGGAAG,18
AGAGTTCCACGACTTGACAGACATGACN,159
AGAGTTCCACGACTTGACAGACATGATG,62
AGAGTTCCACGGACTTGACAGACATGAC,24
AGAGTTGCACGACTTGACAGACATGACG,32
AGAGTTCCACGACTTGACCGACATGACG,21
AGAGTTCCACGACTTGACAAACATGACG,84
AGAGTTCCACGACTTTACAGAAGGGAAG,106
AGAGTTCCACGACTTAGATCGGAAGAGC,4
AGAGTTCCACGACTTGGACAGACATGAC,8
AGAGTTCCACGACTCGACAGAAGGGAAG,71
AGAGTTCCGACTTGACAGAAGGGAAGAA,34
AGAGTTCCACGACCTGACCTAGATCGGA,40
AGAGTTCCACGACTTGACAGACNNGNNN,11
AGAGTTCCACGACTTGACAGAANGGNNN,14
AGAGTTCACGGCTTGACAGAAGGGGAGA,1
AGAGTTCCAAGACTTGACAGATCGGAAG,2
AGAGTTCCACGACTTGACAGATGGAAGA,10
AGAGTTCCACGAACTTGACAGAAGGGAA,35
AGAGTTCCACGACTTGACAGATCGGAGA,7
AGAGTTCCACGACTTGCCAGAAGGGAAG,44
AGAGTTCCAAGACTTGACAGACATGACG,80
AGAGTTCCATGACTTGACAGACATGACG,39
AGAGTTCCACGACTTGGCAGAAATGACG,1
AGAGTTCCACGACTTGACAGAACGGAAG,6
AGAGTTCCACGACTTGACAGACCTGACG,10
AGAGTTCCACGACTTGACAGACATGACA,40
AGAGTTCCATGACTTGACAGAAGGGAAG,69
AGAGTTCCACGATCTTTCGGGCCTGACC,2
AGAGTTCCACGACTTGAGAGACATGACG,21
AGAGTTCCACAACTTGACAGAAGGGAAG,161
AGAGTTCCACGGCTTGACAGACATGACG,40
AGAGTTCCACGACCTGACAGAAGGGAAG,60
AGAGTTCCACTTGACAGACATGACGCTG,4
AGAGTTGCAAGACTTGACAGAAGGGAAG,1
AGAGTTCCACGTCTTGACAGACATGACG,19
AGAGTTCCACGACTTGTCAGACATGACG,42
AGAGTTCCACGATTTGACAGACATGACG,32
AGAGTTCCACGACTTGAAAGAAGGGAAG,57
AGAGTTCACGACTTGACCTAGATCGGAA,11
AGAGTTCCCCGCCTTAACAGACATGACC,1
AGAGTTCCACGACTTGACGGACATGACG,52
AGAGTTCCACGACTTTTGACAGAAGGGA,2
AGAGTTCCACGACTTGACANANNNGNNN,66
AGAGTTCCACGCCTTGACAGAAGGGAAG,71
AGAGTTCCACGACTTGACAGAAGAGAAG,16
AGAGTTCCACGACTTGACAGACAAGACG,32
AGAGTTCCACGACTGAAAGACAAGACGC,1
AGAGTTCCACCGACTTGACAGAAGGGAA,12
AGAGTTCCACGGGCCTGACCTAGATAGG,2
AGAGTTCCCGACTTGGCAGACATGACGC,1
AGAGTTCCACGACTTTGACAGAAGGGAA,54
AGAGTTCCACGACTTGACAGACATAACG,38
AGAGTTCCACGACTTCACAGACATGACG,23
AGAGTTCCACGACTTGACAGACGTGACG,33
AGAGTTCAACGACTTGACAGAAGGGCAG,1
AGAGTTCCACGACTTGAAAGACATGACG,80
AGAGTTCCACGACTCGACAGACATGACG,62
AGAGTTCCACGNNNNNNNNNNNNNNNNN,69
AGAGTTGCACGACTTGACAGAAGGGAAG,36
AGAGTTCCACGACTTGACCGGCTCGGAG,1
AGAGTTCCACGACTTGACAGAAGGGAAT,53
AGAGTTCCACGACTGACAGACATGAAGC,2
AGAGTTCCACGACTCTTGACAGAAGGGA,2
AGAGTTCCCACTTGACAGAAGGGAAGAA,4
AGAGTTCCAACGACTTGACAGAAGGGAA,19
AGAGTTCCACGACTGACAGATCGGAAGA,51
AGAGTTCCACGACTTGACAGGCATGACG,49
AGAGTTCCACGTTGACAGAAGGGAAGAA,11
AGAGTTCCAACTTGACAGAAGGGAAGAA,6
AGAGTTCCACCGACTTGACAGACATGAC,11
AGAGTTCCACGACTTGACCTGGATCGGA,3
AGAGTTCCACGACTTGATAGGCATGAGG,1
AGAGTTCCACGACCTGACAGACATGACG,59
AGAGTTCCACGACTTGACAGAAGGGTAG,22
AGAGTTCCACGACTGACACATCGGAAGA,1
AGAGTTCCACGACTTGCCAGACATGACG,22
AGAGTTCCACGACTTGACAGAAGGGCAG,79
AGAGTTCCACGCCTTGACAGACATGCCG,1
AGAGTTCCACGGCCTGACCTAGATCGGA,12
AGAGTTCCACGACTTGACAGAAGGTAAG,49
AGAGTTCCGACTTGACAGACATGACGCT,31
AGAGTTCCACGACTTGGCAGACATGACG,41
AGAGTTCCACGACTTTACAGACATGACG,87
AGAGTTCCACCTGACAGAAGGGAAGAAC,1
AGAGTTCCAGACTGACAGACATGACGCT,3
AGAGTTCCCCACTTTACAGACATGACGC,1
AGAGTTCCACGACTTGACAGACNTGNNN,4
AGAGTTACGACTTGACAGACATGACGCT,9
AGAGTTCGACGACTTGACAGACATGACG,23
AGAGTTCCACGAATTGACAGAAGGGAAG,55
AGAGTTCCACGACTTGACAGAANNGNNN,11
AGAGTTCCACGACTTGACAGTCATGACG,15
AGAGTTCCACGACTTGACAGACATGANN,7
AGAGTTCCCACGACTTGACAGAAGGGAA,29
AGAGTTCCACGACTTGACAGANNNGNNN,2
AGAGTTCCACGACTTGACAGAGGGAAGA,8
AGAGTTCCACGACTTGACAGAATCGGAA,1
AGAGTTGCACGACTCGACAGAAGGGAAG,1
AGAGTTCCCCGCCTTGACAGAAGGGAAG,5
AGAGTTCCACGACTAGACAGAAGGGAAG,18
AGAGTTCCCAGACTTGACAGATCGGAAG,1
AGAGTTCCACGACTTGTCAGAAGGGAAG,63
AGAGTTCCACGACTTGACAGTAGGGAAG,17
AGAGTTCCACGACTTGCCAGAAGGGAAA,3
AGAGTTCCAGGACTTGACAGACATGACG,15
AGAGTTCCACGAACTTGACAGACATGAC,27
AGAGTTCCACGACTTGACCTAGATCGGN,4
AGAGTTCCACGACTTGACAGACATCACG,6
AGAGTTCAGACTTGACAGACATGACGCT,7
AGAGTTCCACGACTTGAAAGAAAAGAAG,2
AGAGTTCCACGACTTGACCTAGATAGGA,3
AGAGTTCCACGACTTGACCTAGATCGAA,3
AGAGTTCCACGACTTGACCTAATCGGAA,6
AGAGTTCCACGACTGACAGAAAGGAAGA,1
AGAGTTCCACGACTTGACAGACATGGCG,37
AGAGTTCCACGACTTGACAGACAGGACG,30
AGAGTTCCACGAGTTGACAGACATGACG,12
AGAGTTCCAACTTGACAGACATGACGCT,9
AGAGTTCCACGANTTGCNNNNNNNNNNN,1
AGAGTTCCACGCTTGACCTAGATCGGAA,2
AGAGTTCCACGACTTGACCTATATCGGA,1
AGAGTTCCACGACTTGACAGCAGGGAAG,8
AGAGTTCCACGACTTGACAGTATCTTTC,6
AGAGTTCCACGCCTTGACAGACATGACG,55
AGAGTTCCAGACTGACCTAGATCGGAAG,5
AGAGTTCCACTTGACAGAAGGGAAGAAC,8
AGAGTTCCCCGACTTGACCGAAGGGAAG,2
AGAGTTCCACGACTTGACTGACATGACG,18
AGAGTTCCCGACTTGACCTAGATCGGAA,7
AGAGTTCCACCCCTTGACAGAAGGGCAG,1
AGAGTTCGACGACTTGACAGAAGGGAAG,16
AGAGTTCCACGACTTGACAGAGATGACG,17
AGAGTTCCACGACTTGACAGAAATGAAG,22
AGAGTTCGACTTGACAGAAGGGAAGAAC,6
AGAGTTCCACGACATGCCAGAAGGGAAG,1
AGAGTTCCACGANNTNNNNNNNNNNNNN,2
AGAGTTCCACGACTTGACAGACATGAGG,21
AGAGTTCCACGATTTGACAGACAGGAGC,1
AGAGTTCCACGACTTTTGACAGACATGA,1
AGAGTTCCACGACTTGACAGCTTCCGAT,1
AGAGTTCCACGCCTTGCCAGCAATGACG,1
AGAGTTTCACGACTTGACAGAAGGGAAG,34
AGAGTTTCCACGACTTGACAGACATGAC,25
AGAGTTCACGCTTGACAGAAGGGAAGAA,2
AGAGTTCCACGACCTTGACAGACATGAC,10
AGAGTTCCACGACTTGACCGAAAGGGGG,1
AGAGTTCCACGATTTGACAGAAGGGAAG,31
AGAGTTCCACGTTGACAGACATGACGCT,11
AGAGTTCCACGACTTGACAGAAGGGAGA,12
AGAGTTCCACGACTTGACAGAANGGANN,25
AGAGTTCCACGACTTGACAGACNTGANN,19
AGAGTTCCACGACTTGACAGAAAGGACG,7
AGAGTTCTACGACTTGACAGACNNGNNN,1
AGAGTTCCACGCCCGGCGCCAGCGGCAA,1
AGAGTTCCACGACTTGACAGAAGATAAT,1
AGAGTTCCACGACTTGACAGACATTAAG,1
AGAGTTCCACGACGACAGACATGACGCT,2
AGAGTTCCACGCTTGACAGACATGGCGC,1
AGAGTTCCACGACTTGACAGAAGGGACG,15
AGAGTTCCACGACNTGNCANNNNNNNNN,3
AGAGTTCCACGACNTGNNANNNNNNNNN,9
AGAGTTCCNCGNNNNNNNNNNNNNNNNN,45
AGAGTTCCACGACTTGACAGACATNNNN,22
AGAGTTCCACGACNNNNNNNNNNNNNNN,77
AGAGTTCCACGACTTGACAGAAGGNNAG,31
AGAGTTCCACGACTTGACAGAAGGNNNN,40
AGAGTTCCACGACTTGACANNCNNNNNN,17
AGAGTTCCACGACNTGNNNNNNNNNNNN,19
AGAGTTCCACGACTTGACAGAAGGNAAG,2
AGAGTTCCACGACTTGACAGACATNNCG,11
AGAGTTCCACGACTTGACAGAANNNNNN,35
AGAGTTCCACGACTTGACAGACNTNNNN,21
AGAGTTCCACGACTTGACAGACNNNNNN,29
AGAGTTCCACGACTTGACANNANNNNNN,16
AGAGTTCCACGACNTNNNNNNNNNNNNN,18
AGAGTTCCACGACTTGACAGAANGNNNN,23
AGAGTTCCNCGANNNNNNNNNNNNNNNN,5
AGAGTTCNNCNNNNNNNNNNNNNNNNNN,66
AGAGTTCCACGACNTGACANNNNNNNNN,11
AGAGTTCCACGGCTTGACAGAAAGGAAG,1
AGAGTTCCACGACTGGACAGACATGACG,6
AGAGTTCCACGACTTGACAGAACTAATT,4
AGAGTTCCACGACTTGACAGACATACCC,1
AGAGTTCCACGACTTGACCTAGGTCGGA,3
AGAGTTCCACGACTTGACAGAAGCGAAG,18
AGAGTTCCACGACTGGATAGACATGACG,2
AGAGTTGCAAGACTTGACAGACATGACG,3
AGAGTTCCAGNNNNNNNNNNNNNNNNNN,1
AGAGTTCCACGCTTGACAGAAGGCAAGA,1
AGAGTTTCCACGACTTGACAGAAGGGAA,22
AGAGTTCCCCGCCTTGACANANNNNNNN,1
AGAGTTCCCCGACTTGACAGACATGACG,15
AGAGTTCCACGACTTGACAGACAGGAAG,9
AGAGTTCACGACTTTACAGAAAGGGAGA,1
AGAGTTCCTCGACTTGACAGAAGGGAAG,13
AGAGTTCCACGACTTGAAAGAAGGGAAA,2
AGAGTTCCACGACTGGACAGAAGGGAAG,15
AGAGTTCCACGCCACGACTTGACAGACA,1
AGAGTTCCACGGCTTGACAGACAGGACG,1
AGAGTTCCACGCGACTTGACAGAAGGGA,1
AGAGTTCCACGACGTGCCGAAGGAGCGT,1
AGAGTTCCACGACTTGCCANNNNNNNNN,1
AGAGTTCCACGACTGGACAGAAGGGAAA,1
AGAGTTCCACGACTTGAAAGACATAACC,1
AGAGTTCCACGACTTGAAAGACATGACN,1
AGAGTTCCACGACTGACCTAGAACGGAA,1
AGAGTTCCGACTGACCTAGATCGGAAGA,2
AGAGTTCCACGCCTTGACAGAAATGACG,2
AGAGTTCACGACTGACAGACATGACGCT,1
AGAGTTCCACGGACTTGACCTAGATCGG,3
AGAGTTCCACGACTTTACCTAGATCGGA,5
AGAGTTCCACGACCTGATCGGAAGAGCT,1
AGAGTTCCACGACTCGACAGAAGGGGAG,1
AGAGTTCCACGACTTGACCGAAGGGAAG,15
AGAGTTCCACGACTTGACCGCACCGGAA,1
AGAGTTCCACGACTTTTCAAAAAGGGGG,1
AGAGTTCCACGACTTGACAGGTAAAACG,13
AGAGTTCCACGACTTGACATATCGGAAG,1
AGAGTTCCACGACTTGACAGAAACCGAT,1
AGAGTTCCNNNNNNNNNNNNNNNNNNNN,2
AGAGTTCCCGAATTGACAGACATGACGC,1
AGAGTTCCACGACTTGACAGGAGGGCAG,1
AGAGTTCCACGAGACTTGACAGAAGGGA,2
AGAGTTCCACGCCTTGACAGACATGACC,1
AGAGTTCCACGACTTGACAGTGTATCTT,1
AGAGTTCCACGATGACAGACATGACGCT,2
AGAGTTCCACANNNNNNNNNNNNNNNNN,1
AGAGTTCCACGACTTGACACAAGGGAAG,26
AGAGTTCCACGACTGGACAGGGGGGCAG,1
AGAGTTCCACGACTTGACAGCGCCAAGA,1
AGAGTTCCACGACTTGACAGACATTACG,60
AGAGTTCCACGACTTGACAGACGGGACG,6
AGAGTTCCCGACTTGACAGAAGGGGAGA,1
AGAGTTCCCACGACTTGACAGACATGAC,28
AGAGTTCCACGACTGACCTAGAGCGGAA,1
AGAGTTCCCCNNNNNNNNNNNNNNNNNN,1
AGAGTTCCACGTCTTGACAGAAGGGAAG,18
AGAGTTCCACGACTGGCAGAAGGGAAGA,1
AGAGTTCCACGACTTGATAGAAATGCCG,1
AGAGTTCCACGGACTTGACAGAAGGGAA,28
AGAGTTCANCNNNNNNNNNNNNNNNNNN,1
AGAGTTACGACTTGACAGAAGGGAAGAA,11
AGAGTTCCACGACTTGACGTAAAACGAC,2
AGAGTTCCACGACTTGACAGACTAAGTA,6
AGAGTTCCACGACTTGACAGACTTGACG,6
AGAGTTCCACGACTTAATAGACATGACG,1
AGAGTTCCACCACTTGACAGAAGGGAAG,14
AGAGTTCCACGACTTGACAGAAGGCAAG,11
AGAGTTCCACGCCTTGACGCACGGGACG,1
AGAGTTCCACGACTTGTTAGGAGGGCAG,1
AGAGTTCCACGACTGACCTAGATCCGGA,1
AGAGTTCCACGATTGACCTAGATCGGAA,3
AGAGTTCCACGACGTGACAGACATGACG,5
AGAGTTCCACGACTTGACGGAAGAGCTC,2
AGAGTTCCACGACTTGGTTCGCCAACTG,1
AGAGTTCCAAGCCTTGACAGAAGGGAAG,2
AGAGTTCCAAACTTGACAGAAGGGAAGA,1
AGAGTTCCACGACTCGACCTAGATCGGA,1
AGAGTTCCACGACTTTACAGACATGACN,1
AGAGTTCCACTACTTGACAGAATGGAAG,1
AGAGTTCCACCTTGACAGAAGGGAAGAA,6
AGAGTTCCCGACTTGACAGAAGGGTAGA,1
AGAGTTCCGCGACTGGTCAGGGGGGCCG,1
AGAGTTCCACGACTTCTGCTTGGGGCCT,1
AGAGTTCCACGCTTGACAGATCGGAAGA,2
AGAGTTCCCCGATTTACCAAAAGGAAAA,1
AGAGTTCCACGGACTGACAGATCGGAAG,1
AGAGTTCCACGACTTACCAGAAATGACC,1
AGAGTTCCACGCCTGGACAGACATGACG,1
AGAGTTCCACGACTTGACAGAAGGGANN,6
AGAGTTCCACGACTTGAANNNNNNNNNN,2
AGAGTTCCACGACTTGACAGAGCTCGTA,4
AGAGTTCCACGACTTGAGGACTTGACCT,3
AGAGTTCACGACTTGACAGAAGGGGAGA,4
AGAGTTCCACCACTTGACGGACATGACG,1
AGAGTTCCACGAATTAACGGACATGACN,1
AGAGTTCCACGACTGGTTCCCGACCGCG,1
AGAGTTCCACGACTTGTCAGACATGACN,1
AGAGTTCCACGACATGACAGACATGACG,22
AGAGTTCCACGACTTGACANAANNGNNN,11
AGAGTTCCACGACTTGACAGATCAGAAG,2
AGAGTTCCACGACTTGAGGACCTGGCCT,1
AGAGTTCCACGAGTTGACAGGAGGGAAG,1
AGAGTTCCACGAATTGACAGACATGAAG,3
AGAGTTCCACGACTTGACCGATCGGAAG,2
AGAGTTGCACGCCTTGTTAGACATGCCG,1
AGAGTTCCACGACTTGACCTAAGATCGG,1
AGAGTTGCACGACTTGACAGAAGGGCAG,1
AGAGTTCCACGCTTGACGGAAGGGAAGA,1
AGAGTTCCACGACTTCTGCTTGGGCCTG,1
AGAGTTCCACGACTTGCAGAAGGGAAGA,2
AGAGTTCCACGACTTGACGAGGCCTGAC,1
AGAGTTCAGACTTGACAGAAGGGAAGAA,5
AGAGTTCCACTACTTGACCTAGATCGGA,1
AGAGTTCCACGCCTTGCCAGAAGGGAAG,2
AGAGTTACACGACTTGACAGACATGGCG,1
AGAGTTCCCGACTTGACAGAAGGTAAGA,1
AGAGTTCCCGACTTGACAGACATGNNNN,1
AGAGTTCCACGACTTGACAGAAGGNNNG,3
AGAGTTCCACGACTTGACAGACATNACG,2
AGAGTTCCACGACNTGANANNNNNNNNN,6
AGAGTTCCACGACTTGACAGATGAGAGC,1
AGAGTTCCACGACTAGACAGACATGACG,13
AGAGTTCTACGANNNNNNNNNNNNNNNN,1
AGAGTTCAAGGCTTTGAAGAAAGGGAAA,1
AGAGTTCAACGACTTGCCAGAAGGGAAA,1
AGAGTTCCACGACTTGACATAGATGGGA,1
AGAGTTCCACGGGCCTGACTAGATCGGA,2
AGAGTTCCACGACTTGAAAGACAAGACG,1
AGAGTTCCACGANTTAANNNNNNNNNNN,1
AGAGTTCCCCACCTTACCAACATTGACC,1
AGAGTTCCACGACCCCCCCCAAGGGACC,1
AGAGTTCCACGACTTGGCAGAAGGGAAA,1
AGAGTTCCACGACTTGACAGATCGGAAA,5
AGAGTTCAACGCCTTGCAAAAAGGGAAA,1
AGAGTTCCACGACTTGAGAGACATGAAG,1
AGAGTTCCACGACTTGACGGGCATGACG,1
AGAGTTCCACAACTTGCAGAAAGGGAAG,1
AGAGTTCCACGAGTTGACANNNNNNNNN,1
AGAGTTCCACGACTTGACCTAGATGGAA,2
AGAGTTCCACGACTTAAAGACATGACGC,1
AGAGTTCCACGACTGGACANANNNNNNN,1
AGAGTTCCACGGCTTGACAGAGGGAAGA,1
AGAGTTCCAAGAATTGAAAGAAAGGACN,1
AGAGTTCCACGACTTGACAGACCTGAAG,1
AGAGTTCCAAGACTTGTCAGACATGTAG,1
AGAGTTCCACGACTTGACGCTGGCCTAT,2
AGAGTTCCACGACTTACAGAAGGGAAGA,4
AGAGTTCCACGACCTGCACGCATGAAAA,3
AGAGTTCCACGACTTGTTGACAGACATG,1
AGAGTTGCACGAGTTGACAGAAGGGAAG,1
AGAGTTCCATGACTTGACCTAGATCGGA,3
AGAGTTCCACGACTTGTCAGACATGCCG,1
AGAGTTCCACGANTNNNNNNNNNNNNNN,24
AGAGTTCCACGACTTGACAGACAAAACT,1
AGAGTTCACGACCTGACAGAAGGGAAGA,1
AGAGTTCCACGACTGACCTAGATCTGAA,1
AGAGTTCCACGACTTGATAGACATGATG,1
AGAGTTCCACGACTTGACATACATGACN,1
AGAGTTCCAAGACTTGAAAGAAATGACG,1
AGAGTTCCACGACTTGTCAGAAGGGAAA,1
AGAGTTCCAAGGGCCTGACCTAGATCGG,1
AGAGTTCCACGACTTGAAGTATCTTTCG,1
AGAGTTCCGCGACTTGACAGAAGGGAAN,1
AGAGTTCCACGACTTGTCAGACATAAAG,1
AGAGTTCCCCGCCTGGAAGGAAGGGAAA,1
AGAGTTTCACGACTTGACCGACATGACG,1
AGAGTTCCAGACTTGACCTAGATCGGAA,8
AGAGTTCCACACCTTGCCAGAAGGGAGA,1
AGAGTTCCACGACTTGACAGAGTAAAAC,1
AGAGTTCACGACTTGACATACATGACGC,1
AGAGTTCACGACTGACAGAAGGGGAAAA,1
AGAGTTCACGACATGACAGACATGACGC,1
AGAGTTCCAAGACTTGACAGACGGGAAG,1
AGAGTTCCACGACTCCGCGGGATACCGA,1
AGAGTTCACGACTGACAGAAGGGAAGAA,2
AGAGTTCCACGACTTGACAGAGAGGACG,1
AGAGTTCCACCACTTAACAGAAGGGAAN,1
AGAGTTCACACTGACAGAAGGGAAGAAC,1
AGAGTTCCCGACTTGACAGATCGGAAGA,2
AGAGTTCCACGACCTAACAGAAGGGAAG,1
AGAGTTCCACGACTTGACAGACATGCAG,1
AGAGTTCCACGACTGACCTAGATGGAAG,1
AGAGTTCCAAGACTTGAGAGACATGACG,1
AGAGTTCCACGCCTTTGGACCACAGGAG,4
AGAGTTCCACGACGAAGCGAATGTCGTG,1
AGAGTTCACACTTGACAGAAGGGAAGAA,5
AGAGTTCCACGACGTGACAGAAATGACG,1
AGAGTTCCACGANTTGACNNNNNNNNNN,58
AGAGTTCCACGACTTGAAGACATGACGC,2
AGAGTTCCAAGAATTGACGGAAGGGAAG,1
AGAGTTCCACGCTGACAGAAGGGAAGAA,2
AGAGTTCCAAGAATTGACAGACATGACG,2
AGAGTTGCACGACTTGACAGAAGGGAAN,1
AGAGTTCCACGACTTGACAAACAAGACG,1
AGAGTTCCACGACTTGACAGGGCCTGAC,4
AGAGTTCCAAGACTTGACAGAGATGCCG,1
AGAGTTCCACGCCTTGAAAGACATGACG,2
AGAGTTCACGGCTTGGCAGAAAGGGAAA,1
AGAGTTCCACGGGCCTGACCTAGATTGG,1
AGAGTTCCCGGCCTTGAAAGACAGACGC,1
AGAGTTCCACGACTTACGAGGCCTGACC,1
AGAGTTCCACGACTTGACATAGATCGGA,12
AGAGTTCCGCGATTTGAAAGGCGGGAAG,1
AGAGTTCCAACGACTTGACAGANNGNNN,1
AGAGTTGACTTGACAGAAGGGAAGAACC,2
AGAGTTCCACGACATGACAGAAGGGAAG,12
AGAGTTCACACTTGACAGACATGACGCT,4
AGAGTTCCGGACTTGACAGACATGACGC,1
AGAGTTCCAGGACTTGACCTAGATCGGA,1
AGAGTTCCAAGACTGGACACACGTGATG,1
AGAGTTCCACACGACTTGACAGAAGGGA,1
AGAGTTCCGCCGCTGCTCAGAAGGGAAG,1
AGAGTTCCACGAATTGAAAGAAGGGAAG,2
AGAGTTCCACGACATCCTTCTCGAGATC,1
AGAGTTAACGACTTGCCAGAAGGGAAGA,1
AGAGTTACACGACTTGACAGAAGGGCAG,1
AGAGTTCCACGACTGACCTAGATTGGAA,2
AGAGTTGTTCCACGACTTGACAGAAGGG,1
AGAGTTCCACGACGTGACAGAAGGGAAG,7
AGAGTTCCACGACTTGACAGATCGAAGA,3
AGAGTTCCACGACTTGAAAGACATGAAG,3
AGAGTTCCACGACTTGAACAGACATGAC,9
AGAGTTCCACGACTTGACAGACGGGAAG,19
AGAGTTCCACGAGGGATGCCAGCGTCAC,1
AGAGTTCAACGANTGGTNNNNNNNNNNN,1
AGAGTTCCCGATTGACAGACATGACGCT,2
AGAGTTCCACGACTTGACGTAGATCGGA,1
AGAGTTCCAAGCCTTGACAGAGGGGAAG,1
AGAGTTCCCGCCTGACCTAGTCGGAAGA,1
AGAGTTCCACGACTTGATAGAAGGGAAA,1
AGAGTTCCACGACTTGGCAGAAGGTAAG,1
AGAGTTTCAAGACTTGAAAGAAATGACC,1
AGAGTTCCACGACTGGCCAGAAATGAGG,1
AGAGTTCCACCACTTTTCAAAAAAAAAG,1
AGAGTTCCACGACTGACAGNNNNNNNNN,1
AGAGTTCCACGGTAAAACGACGGCCAGT,2
AGAGTTCCACGACTTGACAGAGACGCTG,2
AGAGTTCACGACTTGACAGACGTGACGC,1
AGAGTTCAAAGACTTGACAGACATGACG,3
AGAGTTCAACGGGCCTGACCTAGATCGG,1
AGAGTTCCACGACTTGGCAGGAGGGAAG,1
AGAGTTCCACGACCTTGACCTAGATCGG,1
AGAGTTCCACGACTTGACAGCCATGACG,7
AGAGTTCCACGACTTGACAGTTATCTTT,1
AGAGTTCCACGACTTGACANACNNGNNN,13
AGAGTTCCACGAGTGGACAGAAGGGAAG,1
AGAGTTCCACGACTCATCAATCGTACTC,1
AGAGTTCCACGACTTGACCTAGATNNNN,1
AGAGTTCCAGACTTGACAGAAGNNNNNN,1
AGAGTTCCACGACTTGACAGACATGNCG,2
AGAGTTCCACGACTTGCGGACTTGACCT,1
AGAGTTCCCGCCTGACCTAGATCGGAAG,2
AGAGTTCCCCGACTTGAAAAAAGGGAAA,1
AGAGTTCCCGCTTGACAGAAGGGAAGAA,2
AGAGTTCCACGACTTGACAGATCTTTCG,1
AGAGTTCAAGACCTGGCCGAAATGAACG,1
AGAGTTCCACGAATTGAAAGACATGACG,1
AGAGTTCCAAGACTTGACAGAAATGACG,4
AGAGTTCCACGACTTGACAGACCTAGAT,1
AGAGTTCCAGACTTGACANNNNNNNNNN,1
AGAGTTCCACGACTTGACATCAACCCGT,1
AGAGTTCCACGGACCTGACCTAGATCGG,11
AGAGTTCCACGAGCCTGACCTAGATCGG,3
AGAGTTCCACGACTTACCAGAAGGGAAG,1
AGAGTTCCACGCCTTGACAGACAGGACG,1
AGAGTTCCACGACTTGACAGACGGAAGA,4
AGAGTTCCCACGACTTGACAGAAGGGAG,1
AGAGTTCCACGACTTGACCTAGATCGGT,1
AGAGTTCCACGACTTGCCAAAAGGGAAA,1
AGAGTTCCACGACTTGACAGATCGAAGC,1
AGAGTTCACGACTTGGCAGGAGGGGAAA,1
AGAGTTCCACGACTTGACCTGATCGGAA,3
AGAGTTCCACGATGACAGAAGGGAAGAA,4
AGAGTTCCCGACTTGACATAAGGGAAGA,1
AGAGTTCCACACTTGACAGATCGGAAGA,1
AGAGTTCCCCAACTGGACAGAAGGGAAA,1
AGAGTTGCACGACTTGACANANNNGNNN,1
AGAGTTCCACGACGATCTGCAAGGTTGC,1
AGAGTTCCACGACTTACAGACATTACGC,1
AGAGTTCTACGACTTGACCTAGATCGGA,1
AGAGTTCCACGACTTGACGTCTTCTGCT,1
AGAGTTCCACCTTGACAGACATGACGCT,5
AGAGTTCCACGACTTGAACAGAAGGGAA,2
AGAGTTCCCANNNNNNNNNNNNNNNNNN,1
AGAGTTCCACGAGAAACTAGCGTTTCTA,1
AGAGTTGAGTTCCACGACTTGACAGAAG,1
AGAGTTCCAAGACTTGACNNNNNNNNNN,1
AGAGTTCCACGACCGGCTCGGGGGGAAG,1
AGAGTTCCACGACTTGAGGACTTTACCT,1
AGAGTTCCACGACTTGACAGCTTGACGC,1
AGAGTTCCACGACAGGATCGCGGGAGCG,2
AGAGTTCCACGACTCTTGACAGACATGA,1
AGAGTTCCACGACTTGACAGACGGAGAG,1
AGAGTTCCACGACTTCATGGTCGGGCCT,1
AGAGTTCCACGACTTGAAANNNNNNNNN,1
AGAGTTCACGANNNNNNNNNNNNNNNNN,1
AGAGTTCCAGACTTGACAGATCGGAAGA,1
AGAGTTCCACGCCTTGAAAGACATGACC,1
AGAGTTCCACGACTTGACAGAAGGAAAG,9
AGAGTTCCACGACTTGACAGGCCTGACC,5
AGAGTTCCACGACTTGACCTAAATCGGA,1
AGAGTTCCACCACCTTAAAGAAAAAAAA,1
AGAGTTCCACGACCGACAGACATGACGC,1
AGAGTTCCACGACTTGACAAGTATCTTT,1
AGAGTTCCACGACTTGACAGAACAGACA,1
AGAGTTCCACGACTGACCTAGTCGGAAG,2
AGAGTTCCACGACTTGATCGGAAGAGCT,4
AGAGTTCGACTTGACAGACATGACGCTG,3
AGAGTTCCACGACTGGAAGAAAGGAAGA,1
AGAGTTCCACGACTTTACAAACAAAACG,1
AGAGTTCCACGACTTGACAGATTGGGTA,1
AGAGTTCACGACTTGAAAGACATGACGC,2
AGAGTTCCTCGACTTGACAGACATGACG,4
AGAGTTCCACACTTGACAGAATGGAAGA,1
AGAGTTCCACGACTTGACAGAAGGAAGA,1
AGAGTTCAACGACTTGACCTAGATCGGA,4
AGAGTTCCAGACTGACAGAAGGGAAGAA,1
AGAGTTCCACGAGTAAAACGACGGCCTG,1
AGAGTTCCACGACTTGACAGCTTCGGGC,1
AGAGTTCCACGACTTTACNNNNNNNNNN,1
AGAGTTCCACAACTTGACNNNNNNNNNN,2
AGAGTTCCACGACTTGACAGAGNGGANN,1
AGAGTTCCACGACTTGGCCTGACCTAGA,1
AGAGTTCCACGACTTGGCCTAGATCGGA,2
AGAGTTCCAAGACTTGACANNNNNNNNN,1
AGAGTTCCCGACGTGACCGGGGTGGCGG,1
AGAGTTCCACGACTTGACAGAGATGAAG,1
AGAGTTCCACGATTGGAAGAGCTCGTAT,1
AGAGTTCCACGCCTTGACAGAAGGGAAA,1
AGAGTTCCAAGGCTTGACAGACATGAAG,1
AGAGTTCCCCGCCTTGCCAAAAGGGAAA,1
AGAGTTCCACGACTTGACAGAGGGGAGA,3
AGAGTTCCCGGCCTTGACAGCCATGACC,1
AGAGTTCCACGACTTGACAGGCATGAGG,1
AGAGTTCCACGCCTTGACAGATCGGAAG,2
AGAGTTCCACGACTTCTTGACAGACATG,1
AGAGTTCCACGCCTTGACAGACGTGCCG,1
AGAGTTCCACGATCATCAAGGCGTGGAA,1
AGAGTTCCACGACTGGTCAGAAGGGAAG,1
AGAGTTCCGCGACTTGTCAGACATGACG,1
AGAGTTCCACACTTGACAGAAGGGAAGN,1
AGAGTTCCACGACTTGACAGACNTGACN,4
AGAGTTCCACGACTTGACAGAAATAACG,1
AGAGTTCCACGACTTGACAGTAAAACGA,3
AGAGTTCCACGACTTGACAGGCGTTCTT,1
AGAGTTCCCCGACTTGCCAGAAGGGAAG,1
AGAGTTCCCCGCCTTGCCGGAAGGGAGA,1
AGAGTTCCCACTTGACAGACATGACGCT,2
AGAGTTCCGCGACTTGACAGAAGGGCAG,2
AGAGTTCACGACTTGACCGGCCTGACGC,1
AGAGTTACACGACTTGAAAGACATGACA,1
AGAGTTCCAAGACTTGACAGACATGAAG,3
AGAGTTCCACGACTTGACAGACATGCGG,1
AGAGTTCCATTCCACGACTTGACAGAAG,1
AGAGTTCCACGAATCGAGGCATCGTAGA,1
AGAGTTCCACGACTGAAAGAAGGGAAGA,1
AGAGTTCCAGCCTGACCTAGATCGGAAG,1
AGAGTTCCCGATTGACAGAAGGGAAGAA,1
AGAGTTCCACGGGCCTGCCTAGATCGGA,1
AGAGTTCCCAACTTGACAGAAGGGAAGA,1
AGAGTTCCACGACTTGACAAAGGGAAGA,1
AGAGTTGCACGAGTTGATAGAAGGGAAG,1
AGAGTTCCACGACTTGACAGAANGGAAN,12
AGAGTTCCACGACTTGAAGGGCCTGACC,1
AGAGTTCGACGACTTGACAGATCGGAAG,1
AGAGTTCCGGCCTGACCTAGATCGGAAG,1
AGAGTTCCACGACTTGAACTAGATCGGA,4
AGAGTTCCACGACTTGACAGATCGGCAG,3
AGAGTTCCACAACTTGACAGCCATGCCG,1
AGAGTTCACGACTTGACAGNANNNANNN,1
AGAGTTCCCCGACTTGCCAAAAGGGAAA,1
AGAGTTCCACGACTTGACAGGACTTGAC,1
AGAGTTCCCGGCTTGGCAGGAGGGGAAA,1
AGAGTTCCACGACTTGACAGACAGTATC,1
AGAGTTCCACGACTTAACAAACATGAGC,1
AGAGTTCAACGACTTGACAGACATGAAG,1
AGAGTTCCAGGACTTGACAGAAGGGGAG,1
AGAGTTCCTTGACAGAAGGGAAGAACCC,2
AGAGTTCACGATTGACAGACATGACGCT,2
AGAGTTCCACGGTAGAGTTCCACGACTT,1
AGAGTTCACGACTTGACAGATCGGAAGA,3
AGAGTTCCACGACTTGACAGAAGGGAAC,7
AGAGTTCCACGACTTGACAGCTCCCCAA,1
AGAGTTCCACGACTTGACAGACATACGC,3
AGAGTTCCACGACTGACCTAGATCAGAA,1
AGAGTTCCACGACTTGCCANANNNGNNN,1
AGAGTTCCACGCTTTACAGACATGACGC,1
AGAGTTCCACGACTTGACAGNANNNNNN,1
AGAGTTCCACGCCTGACCANNNNNNNNN,1
AGAGTTCCACGACTTGACCNNGNNNNNN,1
AGAGTTCCACACTTGACAGNNNNNNNNN,1
AGAGTTCCCGACTTGACAGAAGGGNAGA,1
AGAGTTCCAAGACTTGACGGACATGACG,1
AGAGTTCCACGACTGTTTCGCGCTGGAG,1
AGAGTTCCACGACTTGACCTAGAGCGGA,1
AGAGTTCCACGACTTGACANAANGGANN,19
AGAGTTTCACGACTTGACATACATGACG,1
AGAGTTCCACGACTTGCACGCATGAAAA,1
AGAGTTCCACCACTTGTCAGAAGGGCAG,1
AGAGTTCCACGGCTTGAAAGACATGACG,1
AGAGTTCCACGACTTGACANACNTGANN,8
AGAGTTCCACGACTTGACCTAGATGGGA,1
AGAGTTCCACGACTTGAAAGACATGACC,1
AGAGTTCCCCGACTTAACAGACATGACG,1
AGAGTTCCACGGACTGACCTAGATCGGA,3
AGAGTTCCAAGACTTGATAGACATGAAA,1
AGAGTTCCACGACTTGCCAGACATGCCG,1
AGAGTTCCACGCCTTGTCAGAAGGGAAG,2
AGAGTTCCACGACTGACCTAGATCGGAG,1
AGAGTTCCAAGACTTGAAAGAAGGGAAG,1
AGAGTTCCACGANTTNANNNNNNNNNNN,9
AGAGTTCCAAGCCTTGACAGACATGACG,3
AGAGTTCCACGACTTGACAGAAAAGACN,1
AGAGTTCCACGACTTGACAGACATGAAA,1
AGAGTTAAACGACTTGACAGAAGGGAAG,1
AGAGTTCGACGACCTGGCTGACAAGACC,1
AGAGTTCCACGCCTTGACCTAGATCGGA,4
AGAGTTCCAAGCCATATCAGAAGGGAAG,1
AGAGTTCCACGGCTTGACAGGCATGACG,2
AGAGTTCCACGACTTGATGATCGAGGCC,1
AGAGTTCCCAGACTGATCACACATGCCG,1
AGAGTTCCACAACTTGACAGAAGGGGAG,1
AGAGTTCCACCCCTTGACAGAAGGGAAG,2
AGAGTTCCCGACTTGACAGACATTACGC,2
AGAGTTCCACGGGCCAGACCTAGATCGG,1
AGAGTTCCACTACTGACAGATCGGAAGA,1
AGAGTTCCACGACTTAACCTAGATCGGA,2
AGAGTTCCAAGACTGACCTAGATCGGAA,1
AGAGTTCCGCGACTTGATAGAAGGGAAG,1
AGAGTTCCAAGAGTTGGCAGACATGACG,1
AGAGTTCCACGACTTGACAGACGTGCCG,1
AGAGTTCCACGACTTGAGAGATCGGAAG,1
AGAGTTCCAGACTTGAAAGAAGGGAAGA,1
AGAGTTCCACGACTTAACAGGAGGGAAG,1
AGAGTTCCACACTTGACCTAGATCGGAA,2
AGAGTTGCACGAATTGACAGACGTGACG,1
AGAGTTCCAGGACGGCAATGCCCCCGTG,1
AGAGTTCCAGACTGACAGATCGGAAGAG,6
AGAGTTCCACGAGTTGTCGGAAGGGCAG,1
AGAGTTCCACGACTTAACAGACATAACG,2
AGAGTTCGGGCCTGACCTAGATCGGAAG,1
AGAGTTCCAAGAATTGACAGAAGGGAAG,1
AGAGTTCCACGAGTTGGCAGAAGGGAAG,1
AGAGTTCCACGACTGACCTCGATCGGAA,1
AGAGTTCCACGACTTGAAGAAGGGGAAA,1
AGAGTTCCACGCATTGACAGAGTTGCCG,1
AGAGTTCCGCGACTTGACAGAAGGGAAA,1
AGAGTTCCACGCCTTGGCAGAAGGGAAG,1
AGAGTTCCACGACTTGACAGCGATCTTC,2
AGAGTTCCACGACTTGACCCAGATCGGA,2
AGAGTTCCACGACTCCACCTTCACGCCG,1
AGAGTTCCACGACTTGACANAANNGANN,7
AGAGTTCCACGACTTGACCTAGATCCGG,2
AGAGTTCCACAACTTGACCTAGATCGGA,2
AGAGTTCACGACTTGACCTAGATGGGCA,1
AGAGTTCCACACTTTAAAGAAAGGAAAA,1
AGAGTTCCACGACTTGACAGATCCGGTA,1
AGAGTTCCACGACTTAACAAAAGGAAAG,1
AGAGTTCCACGTTTAGACAGACATCACG,1
AGAGTTCCACGCCTGACCAAGATCGGAA,1
AGAGTTCTACGACTTGACAGACATGTCG,1
AGAGTTGCACGACTTGACCTAGAGCGGA,1
AGAGTTCCCCGGCTTGACAGAAGGGAAG,1
AGAGTTCCAAGACTGACCTAGATGGGTA,1
AGAGTTCCACAGGCCTGACCTAGATCGG,1
AGAGTTTCACGACTTGACAGAAGGGGAG,1
AGAGTTCCACGACTGGCAGGAAGGAAAA,1
AGAGTTCCACTAGTTGAAAGAAGGGAAG,1
AGAGTTCCACGACTTGAGGACCTGACCT,1
AGAGTTCCCCGACTTGCCAAACATGACG,1
AGAGTTCCACGAATTGAACTAGATAGGA,1
AGAGTTCCACGCCTTGACAGACGTGACG,2
AGAGTTCCCCGCCTTGAAAAACATACCG,1
AGAGTTACACGAATTGACAGAAGGGAAG,2
AGAGTTCCACGACTTGACAGATCGAAAG,2
AGAGTTCCACGCCTGACCTAGACGGAAG,1
AGAGTTCCACGACTTGACAGCGCCTTGA,1
AGAGTTCCACGACTTGACAGACGTGAAG,2
AGAGTTCCCGACCTGGAAAAACAGGACC,1
AGAGTTCCAAGACTTGACCTAGATCTGA,1
AGAGTTCCACGACTTACCAAAAGGGAAA,1
AGAGTTCCCCTACTTGGCACAAGGGACG,1
AGAGTTCCACGACTGACAGACTTTACGC,1
AGAGTTCCAAGANTTGANNNNNNNNNNN,1
AGAGTTCCACGACTGACAGACCTGACGC,1
AGAGTTCCACACTTGAAAGACATGACGC,1
AGAGTTCCACGACTGACCTAGGTCGGAA,1
AGAGTTCCACGACTTAAGAGAAGGGAAG,1
AGAGTTCAAAGACTTGAAAGACATGACG,1
AGAGTTCCACGACTTGCCAGAAGGGGAG,1
AGAGTTATAAGACTTAACAGACATGACG,1
AGAGTTCCACGACTTGACAGACAGGCCG,1
AGAGTTGCAAGACTTAACAGAAGGGAAG,1
AGAGTTCCACGACTGACCTAGATCGGGA,2
AGAGTTCCACACTTGACANNNNNNNNNN,1
AGAGTTCTACGACTTGACAGACATGATG,1
AGAGTTCCACGCCATGACAGACATGACG,1
AGAGTTCCACGACTTGACGGGCCTGACC,1
AGAGTTCCACCTCTTGACAGAAAGGGAG,1
AGAGTTCCAAGACTTGAAAGACATGACG,2
AGAGTTCCACGACTTAATAGAAGGGAAG,1
AGAGTTCCACGACTTAACAGACATGATG,1
AGAGTTCAACGCCTTGCAAGACATGACG,1
AGAGTTCCAGACTTGACAGAAATGACGC,1
AGAGTTACACGACGTGACAGACATGAAG,1
AGAGTTCCGCGACTTGACAGGCATGACG,1
AGAGTTCACGGCCTTAACAGAAGGGAAA,1
AGAGTTCCACGACTTGAAAGACAGGACG,1
AGAGTTCCATGACTTAACAGACATGACG,1
AGAGTTCCCGACATCAGCCTCATCGACC,1
AGAGTTCCACGACTTGTCACAAGGGAAG,1
AGAGTTCCACGACTGAAAGAAGGGGAGA,1
AGAGTTCCACGACTTAACATAAGGGAAG,1
AGAGTTCCACGACTGACCGACCATGCGC,1
AGAGTTCCACCACTTGGCAGAAGGGAAG,1
AGAGTTCCAAGACTTGACAGGAGGGAAG,1
AGAGTTCCGCGACTTGACGGAAGGGAAG,1
AGAGTTCCAGCTTGACCTAGATCGGAAG,1
AGAGTTCCCCGACTGACCTAGATCGGAA,1
AGAGTTCCACGCCTTGACAGACAAGACG,1
AGAGTTCCACCACTTGACAGAAGGGCAG,1
AGAGTTGCACGAGTTGACAGACATGACG,1
AGAGTTCCACGACTTGACANACNNGANN,2
AGAGTTCCCCGACTTGACAGATCGGAAG,3
AGAGTTCCACGACTTGACATACAGGACG,1
AGAGTTCCACGACTTGACCGAGATCGGG,1
AGAGTTCCACGACATGACAGACATGAAG,1
AGAGTTCGACGACTTGACAGACNTGACN,1
AGAGTTTCACGACTTGACAGAAAGGAAG,1
AGAGTTCCACGACTTGCCAGAGGGGAAG,1
AGAGTTCCACGACTTGACCTAGATCGGC,1
AGAGTTCCGCGACTTGACAGACAGGACG,1
AGAGTTCCACGACTGAACTAGATCGGAA,1
AGAGTTCCACGACTTGACCTAGATCGTA,1
AGAGTTCCACGACTTGAAAGATCGGAAG,1
AGAGTTCCACGGGTCTGACCTAGAGCGG,1
AGAGTTCCCGCCTTGACAGAAGGGAAGA,1
AGAGTTCCACGACTTGACANNNNNGNNN,6
AGAGTTCCCGACTTAACAGAAGGGAAGA,1
AGAGTTCCACGACTTAAAAGACATGAAG,1
AGAGTTCCGCGACTTGTCAGAAGGGAAG,1
AGAGTTCACGACTTGCCAGAAGGGAAGA,1
AGAGTTCCACGACTTGCCGTCTTCTGCT,1
AGAGTTCCACGCCTTACCAGAAGGAAAG,1
AGAGTTCCACGCCTGACCTAGATCGGCA,1
AGAGTTCCACGACTTGCAGACATGACGC,2
AGAGTTCCACGACTTGACCTAGAACGGA,1
AGAGTTCCACGACTTGACCGACAGGACG,1
AGAGTTCCACGACTGACAGAAGGGGAGA,1
AGAGTTCCACGACTTGACAGACATAAAA,1
AGAGTTCCACGACTTGCCAGACATGACC,1
AGAGTTCCACGACTTAACCTAGACGGGA,1
AGAGTTCCACGACTTGAAAAACAAAAGG,1
AGAGTTCCAAGACTTGTCAGACATGACG,1
AGAGTTCCACGACTGAACGAAGGGGATG,1
AGAGTTACAAGACTTGACAGACATGACG,3
AGAGTTCAACGCCTTGAAAAACATAACC,1
AGAGTTCCACGCCTTGACAGAAGGGGAG,1
AGAGTTCCACGACTGACAAGCATGAAGC,1
AGAGTTCCACGACTTGTCAGACATGACC,1
AGAGTTCCCCGATTGAAAGACAAGGCGG,1
AGAGTTCCCGACTGACAGATCGGAAGAG,1
AGAGTTCCAGATTGACAGACATGACGCT,1
AGAGTTACACGACTTGTCACGCATGACG,1
AGAGTTCCACGACTGACAGATCCGGAAG,1
AGAGTTCCACGGCCTTTTAAAAAAGGGG,1
AGAGTTCCACGCCTTGACAGAAGGGCAG,1
AGAGTTCCACGACTTGATAGAAAGGAAG,1
AGAGTTCCACGACTTGACCAGATCGGGA,1
AGAGTTCCACCACTTGTTAGAGAAGAAT,1
AGAGTTCCACCACTTGACAGACAAGACA,1
AGAGTTCCACGGCTTGGCAGACATGACG,1
AGAGTTACACGACTTGAAAGACATGACG,1
AGAGTTACACGACTGACCTAGATCGGAA,1
AGAGTTCCGCGGCTTGACAGAAGGGGAG,1
AGAGTTACACGACTTGACAGAAGGGGAG,1
AGAGTTCCACGACTTGACAGGGATGACG,1
AGAGTTCCACGACTTGCCAGAAGGGTAG,1
AGAGTTCCACGACTTGACAGTCGCGATC,1
AGAGTTCCACGACNTGANNNNNNNNNNN,6
AGAGTTCACGACTTGACAGAAGGGNNNN,1
AGAGTTCCACGACTTAACAGAAGGNAAG,1
AGAGTTCCACGACTTGACAGATCGNNNN,1
AGAGTTCCACGTCTGACCTAGATCGGAA,1
AGAGTTCCACGACTTGACAGAAGGGGAT,1
AGAGTTCGACTGACAGATCGGAAGAGCT,1
AGAGTTCCACGATTGACAGATCGGAAGA,1
AGAGTTCCACGACTTGATCTAGATTGGA,1
AGAGTTCAGACTGACCTAGATCGGAAGA,1
AGAGTTCCACGACTTGACCTAAATCAGA,1
AGAGTTCCAGACTTCACAGAAGGGAAGA,1
AGAGTTACACGACTTGACNNNNNNNNNN,1
AGAGTTCCCGCTTGACAGACATGACGCT,1
AGAGTTCCACGACCTGACAGACATGAAG,1
AGAGTTCCACGACTAGATCGGAAGAGCT,1
AGAGTTCCAAGANTTGACNNNNNNNNNN,3
AGAGTTCCACGTAAAACTACGGCCAGTA,1
AGAGTTCCACGACGACGTGGATCTCGCC,1
AGAGTTCACCACCTTAAAGAAGGGGAGA,1
AGAGTTCCACGACTGAACAGAAGGGAAG,1
AGAGTTCACGACTTGACAGACATTACGC,1
AGAGTTCCACGACTTGTTAGGGGTGACG,1
AGAGTTCACGCCTTGACAGAAGGGAAGA,1
AGAGTTCCACGACGACTTGACAGAAGGG,2
AGAGTTCCACGACATGACAGAAATGACG,1
AGAGTTCCAGCTTGACAGACATGACGCT,2
AGAGTTGCAAGACTTGATAGACATGACG,1
AGAGTTCCACGACTTGATGCCGAAACGT,1
AGAGTTCCACGACTTGACAGAANGCAAN,1
AGAGTTCCACGCGACTTGACAGACATGA,1
AGAGTTCCACGCGTTGACAGAAATGACG,1
AGAGTTCCACGACTTGACCTAGGTCGGG,2
AGAGTTCCACGACTGACAGGAAGGAAAA,1
AGAGTTCCACGAATGACCTAGATCGGAA,1
AGAGTTCCACACGACTTGACAGACATGA,2
AGAGTTCCAGGACTGACCTAGATCGGAA,1
AGAGTTCCACACCTGACAGAAGGGAAGA,1
AGAGTTCCACGACTTCACGACTTGACAG,1
AGAGTTCCACGACTTGACAGTAATGACG,1
AGAGTTCCACGACTTGACATAATGGAAG,1
AGAGTTCCACGACTTAACAGACATGAAG,1
AGAGTTCCACGACTTGACAAACATGACC,1
AGAGTTCCACGACTTGACCTGACCTAGA,1
AGAGTTCCTCGGCTTGACAGAAGGGAAG,1
AGAGTTCCACGAACTTGACCTAGATCGG,1
AGAGTTCAACGTCTTGAGAGAAGGGGAG,1
AGAGTTCCCGGATTGAAAAACCAGGCCC,1
AGAGTTCCACGACTTGACAAAAAGGGGG,1
AGAGTTCCACGACTTGACAGAAAGGGAA,1
AGAGTTCCACGACTTGACAGAAAAAAAG,1
AGAGTTCCACGACTTGACAGACATNNNG,2
AGAGTTCANGANNNNNNNNNNNNNNNNN,1
AGAGTTCCACACTNGNNNNNNNNNNNNN,1
AGAGTTCCGAGACTTGACAGGCATGACG,1
AGAGTTCCCGGACTTGACGGACATGACG,1
AGAGTTCGTATGCCGTCTTCTGCTTGAA,1
AGAGTTCCACGACTTGACCTAATCGGAG,1
AGAGTTCCACGCGGCGCGCGCACAGGCG,1
AGAGTTCCACGACTTGAAAGAAAGAACC,1
AGAGTTCCACGACTTAACNNNNNNNNNN,1
AGAGTTCCACGACCTGGACAGAAGGGAA,1
AGAGTTCCACGACTTGATGGCCGATGTC,1
AGAGTTCCACGACTTGACAGAAGGGGAA,4
AGAGTTCTACCACTTGACAGAAGGGAAG,1
AGAGTTCCACGACTTGACAAGTAGAGTT,1
AGAGTTACACGANTTGANNNNNNNNNNN,1
AGAGTTCCACGACTTGACCTAGAATCGG,1
AGAGTTCTACGACTTGACATACATGACG,1
AGAGTTACTTGACAGACATGACGCTGGC,1
AGAGTTCCACGACTTGCAGCATGAAAAT,1
AGAGTTCCAAGACTTGACCTAGATCGGA,1
AGAGTTGCATGACTTGACAGACATGACG,1
AGAGTTCAACGCCTTGCCAGAAGGGAAG,1
AGAGTTCCACGACTTGACTAGATCGGAA,2
AGAGTTCCACGACTTGACAGAATGGAAT,1
AGAGTTCCAGACTTGACAGAAGGGAAGG,1
AGAGTTCCACGACTTTACATACATGACG,1
AGAGTTCCACGACTTGACAGACTGACGC,1
AGAGTTCCAAGNNNNNNNNNNNNNNNNN,1
AGAGTTCCACGGGCCTGACCTAGATCGA,1
AGAGTTCCACGACTTGACCTAGATCGAG,1
AGAGTTCACCGCTTGGCAGAAAGGGAGA,1
AGAGTTCCCCGACTTGACAGAAAGGAAG,1
AGAGTTCCACGACTTACTTGACAGACAT,1
AGAGTTCCACCCTTGACAGACATGACGC,1
AGAGTTCCACGACTTGACAGCGGCTCGG,1
AGAGTTCCACGCCTTGCCAGAAGGGCAG,1
AGAGTTCCACGACTGGACCGACGTGACG,1
AGAGTTCACCGCCTTGAAAGAAGGGAAA,1
AGAGTTCCACGACTTACCTAGAGCGGAA,1
AGAGTTCACGACTTGAAATAAGGGGAAA,1
AGAGTTCCACGACTTGACAGCTCCACAT,1
AGAGTTCCACCACTTGAGAGAAGGGAAG,1
AGAGTTGCACGACTTGACAGACAGGACG,1
AGAGTTCCACGACTTGACGGAAGGGATG,1
AGAGTTCCACGACTGGACAGAGGGGAAG,1
AGAGTTCCACGACTTAACTAGAGCGGAA,1
AGAGTTCCCCGACTTGCCAGAAGGGAAA,1
AGAGTTCCACAATTGACAGACATGACGC,1
AGAGTTCCACGCCTTGATAGATCGGAAG,1
AGAGTTCCACGACTTGGCATAAGGGAAG,1
AGAGTTCCACGACTGTAGAGTTCCACGA,1
AGAGTTCCACGACTTGACCTAGATTGGA,1
AGAGTTCCAGATTGACAGAAGGGAAGAA,1
AGAGTTCCACGACCTGACAGATCGGAAG,1
AGAGTTACACGACTTGACAGAAATGACG,1
AGAGTTCCACGACTGACCTGGATCGGAA,1
AGAGTTCCACGACTTGACANACNTGACN,5
AGAGTTCCACGACTTGAAGAAGGGAAGA,1
AGAGTTCCACGACCGGCCTGACCTAGAT,1
AGAGTTCCACGACTTGACATAGGGCGGG,1
AGAGTTCCACGACTTGACAGAAGGGNAG,3
AGAGTTCCACACTTGACAGAAGNGNNNN,1
AGAGTTCCACGACTTGACTGGCATGACG,1
AGAGTTCCACGACTTGACANANNNGANN,4
AGAGTTCCACACTGACAGAAGGGAAGAA,1
AGAGTTCCACGACTTGACAGATATGAGG,1
AGAGTTCCACGACTTGACAGCCTGACCT,1
AGAGTTCCACGACTTGACAGAAAAGACG,1
AGAGTTCCACGACTTGACANAANGGAAN,4
AGAGTTCCACGACTGAAAAAACTTGCGC,1
AGAGTTCCACGCCTTGACGGAAGGGCAG,1
AGAGTTCCACGACTTGTCAGGAGGGCAG,1
AGAGTTCCCCGCTTGACAGGAGGGGAGA,1
AGAGTTCCACGCCTTGACANANNNGNNN,1
AGAGTTCCACGACTTGACAGACCTGAAA,1
AGAGTTCCGCGACTTAACAGAAGGGAAG,1
AGAGTTCCACGACTTACCTAGATCGGAA,2
AGAGTTCCAGGACGGCAGCCTCACCGAT,1
AGAGTTCCACGACTTGATAGAGATGACG,1
AGAGTTCCACGACTTAACGGACAGGACG,1
AGAGTTCCGCGACTGGACAGGAGGGAAG,1
AGAGTTCAAAGACTTGTCAGAAGGGATG,1
AGAGTTCCGTTCCACGACTTGACAGACA,1
AGAGTTCCGCGACATGTCAGACATGACG,1
AGAGTTCCACGACTTTCGGGCCTGACTA,1
AGAGTTCCACGACTTGACCTAGGAAGAG,1
AGAGTTCAACGACTTGACAGACATGCCG,1
AGAGTTCCACGACTGGAAAGAAGGTAAG,1
AGAGTTCCACGACTTAACAGAAGGGAAA,1
AGAGTTCCACGACTTGACAGACATAAAG,1
AGAGTTCCACGACTTGACATTCCACGAC,1
AGAGTTCCACGACTTGTCAGACATAACG,1
AGAGTTCCACGACTTGAGTAAAACGACG,1
AGAGTTCCACGAAACGACGGCCAGTAGA,1
AGAGTTCCACGANTTCACNNNNNNNNNN,1
AGAGTTCCACGACTTGACAAAAATGCCG,1
AGAGTTCCAAGACAGGATAGGAGGGAAG,1
AGAGTTCCACGACTTGACCNANNNCNNN,1
AGAGTTCCACGACTTGTCAGAGATGACG,1
AGAGTTCAAGACTTGACAAGCAGGACGC,1
AGAGTTCCAGCTTGACAGATCGGAAGAG,1
AGAGTTCCACGACTTGACCAGATCGGAG,1
AGAGTTCCACGACTTTACAGAAGGGAAA,1
AGAGTTCCACGACTGACAGACGGAAGAG,1
AGAGTTCACGACTTGACAGAAGGGAAGN,1
AGAGTTCCACGACTTTGCAGAAAGGGGG,1
AGAGTTCCCCGCCTTGACAGACATGACG,1
AGAGTTCCAAGACTTGACAGAGATGACG,1
AGAGTTCCACGACTGACCTAGATCGGTA,1
AGAGTTCACGACTTTACCGAAGGGGAGA,1
AGAGTTCCACGACTTGACCTAGATCGCT,1
AGAGTTCCACGACTTGACAGATCGGACG,1
AGAGTTCCACGACTTGCAGGCGACCGGC,1
AGAGTTCCACGACCTTGATCGGGAGAGC,1
AGAGTTCCTCGACTTGACAGAAGGGGAG,1
AGAGTTCCGACTGACCTAGATCGGGAGA,1
AGAGTTCCACGACTTGAAAGGAGGGAAG,1
AGAGTTCCACGACTTGACACATCGGAAG,1
AGAGTTCCACCACTTGACAGGCATGACG,1
AGAGTTCCACGCCTTGACAGGCATGACG,1
AGAGTTCCACGACGTGACATACATGACG,1
AGAGTTCCACGACTTTACATACATAAAC,1
AGAGTTAAACGACTTGACAGACATGACG,1
AGAGTTACACGAATTGTCAGAAGGGAAG,1
AGAGTTCCACAACTTGCCAGACATGACG,1
AGAGTTCCACGACTTGTTAGACATGACG,1
AGAGTTCCACGCCTTGCCCTCGATCGGC,1
AGAGTTCCAAGACTTGACAGAAGGGAAA,1
AGAGTTCCACGACTTGACAGGTTCCACG,1
AGAGTTCCACGACTTGACAGAAAGGGAG,1
AGAGTTCCAGGACTTGACNNNNNNNNNN,1
AGAGTTCCACGACTTGAAAGCCATGAAG,1
AGAGTTCCACGACTTGACCTAGATCGCA,1
AGAGTTCCACGACTTGACAGAGGGGATG,1
AGAGTTCCACGACTTACAGACATGAAGC,1
AGAGTTCCAGACTTGACAGAAGGTAAGA,1
AGAGTTCCTCGACTTGACAGAAGGGAAA,1
AGAGTTCAGTAGAGTTCCACGACTTGAC,1
AGAGTTCCACGAATTGCCAGACCTGACG,1
AGAGTTCCACGCCTCAAATGAAGGCAAA,1
AGAGTTCCACGACTTGAGAGAAATGACG,1
AGAGTTCCACGACTTGACAGAAAGGAGG,1
AGAGTTCCGCGACTTGACGGACATGACG,1
AGAGTTCCAAGAATTGAAAGAAGGGAAG,1
AGAGTTACACGACTTGACAGACATGAAG,1
AGAGTTCCACGACTCGACAGGAGGGCAG,1
AGAGTTCCACGACTTGACCGAAGGGGAG,1
AGAGTTCCACGATTTGACAGAGGGGAAA,1
AGAGTTCCACGACTTGACTGACAGATCG,1
AGAGTTCCACGAGTGGACAGAAGGGCTG,1
AGAGTTCCACGACTTGACAGAGGGGAGG,1
AGAGTTCCACGCCTTAACAGACATGACG,1
AGAGTTCCACGACTTGATAGAAGGGCAG,1
AGAGTTCCACGCCTGAACTAGATCGGAA,1
AGAGTTCCACGACTTGTCAGGAGGGAAG,1
AGAGTTCCACGACTTGACATAAGGGGAG,1
AGAGTTCCACCCCTTGTCAGACATGACG,1
AGAGTTCCACGACTAGACAGAGATGACG,1
AGAGTTAGAGTTCCACGACTTGACAGAA,1
AGAGTTCCAAAACTTGACAGACATGACG,1
AGAGTTCCACCCCTGGATAGAGGGGATG,1
AGAGTTCCACGACTTGGGCCTGACCTAG,1
AGAGTTCCACCACTTGACAGACAGGACG,1
AGAGTTCCACCACGACTTGACAGACATG,1
AGAGTTCCACGACTTGACATGCATGACG,1
AGAGTTCCACGACTTTTCAGAAGGGGAG,1
AGAGTTCCACGACTTGACAGAACTAATG,1
AGAGTTGCACGACTTGACAGACATGAAG,1
AGAGTTACACGACTTAACAGACATGACG,1
AGAGTTCTACGCCTTGACAGACATGACG,1
AGAGTTCCACGACTTGACAGAATGGAAA,1
AGAGTTCCAAGACTTGACAGGCATGAGG,1
AGAGTTCCACGACTTGACCTTAGATCGG,1
AGAGTTCCACGACTTGACAGATAAACAT,1
AGAGTTCCACGACTTGACAGCTACCGCG,1
AGAGTTCCACGACTTGACTAAAACGACG,1
AGAGTTCCACACTTGACCGAAGGGAAGA,1
AGAGTTCCACGCCTGCCCTAGACCGGCA,1
AGAGTTTCACGACTTGACAGACATTACG,1
AGAGTTCCACGACTTGTCAGACGGGACG,1
